Date,SPY,AAPL,MSFT,JPM,XOM,IEF,GLD
2019-01-02,223.25157165527344,37.436912536621094,94.01615142822266,80.07449340820312,49.34522247314453,86.24097442626953,121.33000183105469
2019-01-03,217.9241943359375,33.707923889160156,90.5574722290039,78.9365005493164,48.58760452270508,86.92645263671875,122.43000030517578
2019-01-04,225.2236785888672,35.14689636230469,94.7692642211914,81.84652709960938,50.37900161743164,86.22441101074219,121.44000244140625
2019-01-07,226.99952697753906,35.068660736083984,94.89010620117188,81.9034194946289,50.6409912109375,85.98490142822266,121.86000061035156
2019-01-08,229.13226318359375,35.737178802490234,95.578125,81.74897003173828,51.009178161621094,85.77022552490234,121.52999877929688
2019-01-09,230.20306396484375,36.34404754638672,96.94487762451172,81.61077880859375,51.27824401855469,85.81970977783203,122.30999755859375
2019-01-10,231.01513671875,36.46022415161133,96.32193756103516,81.60266876220703,51.016258239746094,85.77843475341797,121.58999633789062
2019-01-11,231.1043701171875,36.10224914550781,95.578125,81.21248626708984,50.78260040283203,86.03446197509766,121.80000305175781
2019-01-14,229.6944580078125,35.55937576293945,94.88082885742188,82.04973602294922,50.7188720703125,85.98490142822266,122.08999633789062
2019-01-15,232.32693481445312,36.287166595458984,97.63286590576172,82.65126037597656,50.74718475341797,85.90231323242188,121.87999725341797
2019-01-16,232.88912963867188,36.73046112060547,97.97689056396484,83.31777954101562,50.72596740722656,85.85275268554688,122.2699966430664
2019-01-17,234.656005859375,36.948570251464844,98.66490173339844,83.65918731689453,51.072906494140625,85.69586944580078,122.11000061035156
2019-01-18,237.7792205810547,37.1761474609375,100.14318084716797,85.01665496826172,51.681854248046875,85.4233169555664,121.0199966430664
2019-01-22,234.56671142578125,36.34170150756836,98.25580596923828,83.6754379272461,50.9029655456543,85.72059631347656,121.44999694824219
2019-01-23,235.05755615234375,36.488670349121094,99.21346282958984,83.46409606933594,50.4852180480957,85.6793212890625,121.27999877929688
2019-01-24,235.18247985839844,36.19945526123047,98.73927307128906,83.51286315917969,50.5560188293457,85.95185852050781,121.08999633789062
2019-01-25,237.17239379882812,37.398990631103516,99.64112091064453,84.0412368774414,50.78260040283203,85.7536392211914,122.86000061035156
2019-01-28,235.36993408203125,37.05286407470703,97.69792938232422,84.43953704833984,50.44271469116211,85.77843475341797,123.29000091552734
2019-01-29,235.05755615234375,36.66883087158203,95.70828247070312,84.67527770996094,50.6339111328125,86.02619934082031,123.9800033569336
2019-01-30,238.7786865234375,39.174583435058594,98.90660858154297,84.87034606933594,51.18620300292969,86.22441101074219,124.69000244140625
2019-01-31,240.87579345703125,39.45669937133789,97.0936279296875,84.13063049316406,51.88718795776367,86.62084197998047,124.75
2019-02-01,240.9917449951172,39.47566223144531,95.55951690673828,84.43953704833984,53.75647735595703,86.15739440917969,124.5
2019-02-04,242.68736267089844,40.596954345703125,98.31159210205078,84.74028778076172,52.97761154174805,85.967041015625,123.95999908447266
2019-02-05,243.70457458496094,41.29155349731445,99.68760681152344,84.36637878417969,53.522823333740234,86.11599731445312,124.27999877929688
2019-02-06,243.38331604003906,41.3057861328125,98.58122253417969,84.32571411132812,53.289161682128906,86.18219757080078,123.44000244140625
2019-02-07,241.06317138671875,40.52348709106445,97.8746109008789,83.22024536132812,52.878482818603516,86.46358489990234,123.73999786376953
2019-02-08,241.35760498046875,40.57109451293945,98.24649047851562,82.39114379882812,52.96439743041992,86.57947540283203,124.20999908447266
2019-02-11,241.49143981933594,40.337764739990234,97.85599517822266,82.00096893310547,53.05030822753906,86.44703674316406,123.5999984741211
2019-02-12,244.596923828125,40.68535232543945,99.38080596923828,83.39907836914062,53.98101806640625,86.3311538696289,123.86000061035156
2019-02-13,245.39108276367188,40.516334533691406,99.30641174316406,83.79737091064453,54.58955383300781,86.11599731445312,123.37000274658203
2019-02-14,244.8468017578125,40.6639404296875,99.39010620117188,83.25276184082031,54.60386276245117,86.52153778076172,124.05999755859375
2019-02-15,247.51490783691406,40.57347106933594,100.61735534667969,85.79700469970703,55.63480758666992,86.43877410888672,124.80000305175781
2019-02-19,247.94326782226562,40.694889068603516,100.57086944580078,85.49625396728516,56.00710678100586,86.58775329589844,126.69999694824219
2019-02-20,248.4429931640625,40.956783294677734,100.0479965209961,85.91080474853516,56.22185516357422,86.5711898803711,126.4800033569336
2019-02-21,247.55955505371094,40.72583770751953,102.158203125,85.73198699951172,55.71355438232422,86.31463623046875,125.05000305175781
2019-02-22,249.0944366455078,41.180580139160156,103.6147689819336,85.34990692138672,56.14310836791992,86.5711898803711,125.5
2019-02-25,249.4334716796875,41.48055648803711,104.19369506835938,86.24406433105469,56.20039367675781,86.43877410888672,125.37000274658203
2019-02-26,249.255126953125,41.50434875488281,104.91265869140625,85.5856704711914,56.314937591552734,86.69535827636719,125.58000183105469
2019-02-27,249.14793395996094,41.63291931152344,104.73528289794922,85.47998046875,56.89485549926758,86.38912200927734,124.69000244140625
2019-02-28,248.68389892578125,41.223426818847656,104.60452270507812,84.82969665527344,56.579830169677734,86.16564178466797,123.98999786376953
2019-03-01,250.23666381835938,41.65672302246094,105.07140350341797,84.8865966796875,57.2742805480957,85.88287353515625,121.87999725341797
2019-03-04,249.3265380859375,41.866241455078125,104.81930541992188,84.69153594970703,57.49623107910156,86.14825439453125,121.55999755859375
2019-03-05,248.9873504638672,41.79004669189453,104.2964096069336,84.62648010253906,57.410308837890625,86.19798278808594,121.72000122070312
2019-03-06,247.4792022705078,41.549598693847656,104.34310913085938,84.30947875976562,56.75880813598633,86.43846130371094,121.61000061035156
2019-03-07,245.4090118408203,41.06867599487305,103.07324981689453,83.69984436035156,57.38883590698242,86.72872161865234,121.51000213623047
2019-03-08,244.918212890625,41.16627883911133,103.1852798461914,83.73235321044922,56.565528869628906,86.85308074951172,122.83999633789062
2019-03-11,248.4697723388672,42.592376708984375,105.35152435302734,84.8215560913086,57.11677932739258,86.7867202758789,122.23999786376953
2019-03-12,249.4066619873047,43.0709228515625,106.08916473388672,84.56961059570312,57.2742805480957,87.02722930908203,122.9800033569336
2019-03-13,251.0576171875,43.26139450073242,106.91081237792969,84.85408782958984,57.78260040283203,86.99402618408203,123.83999633789062
2019-03-14,250.89700317382812,43.742305755615234,106.9948501586914,85.62629699707031,57.589298248291016,86.8696517944336,122.41000366210938
2019-03-15,252.13650512695312,44.31131362915039,108.22737884521484,86.60989379882812,57.38167953491211,87.143310546875,122.97000122070312
2019-03-18,253.05079650878906,44.76366424560547,109.77734375,87.13008880615234,58.0474853515625,87.02722930908203,123.04000091552734
2019-03-19,253.11351013183594,44.40892791748047,109.85204315185547,86.81307220458984,57.897151947021484,86.96919250488281,123.37999725341797
2019-03-20,252.3517303466797,44.79700469970703,109.73065948486328,84.95975494384766,58.21931076049805,87.57450103759766,124.18000030517578
2019-03-21,255.2019805908203,46.44688034057617,112.2516860961914,83.61853790283203,58.555809020996094,87.53308868408203,123.68000030517578
2019-03-22,250.2901611328125,45.48503875732422,109.29183197021484,81.0905532836914,57.61793899536133,88.17985534667969,123.97000122070312
2019-03-25,250.1020050048828,44.935081481933594,109.86137390136719,80.41590881347656,57.21701431274414,88.40371704101562,124.91999816894531
2019-03-26,251.96624755859375,44.470829010009766,110.09480285644531,81.22061920166016,57.961578369140625,88.32910919189453,124.30000305175781
2019-03-27,250.64877319335938,44.87078857421875,109.03034210205078,80.94426727294922,57.517696380615234,88.58617401123047,123.6500015258789
2019-03-28,251.5988311767578,44.93031692504883,109.17977142333984,81.86278533935547,57.8040657043457,88.59443664550781,121.9000015258789
2019-03-29,253.18515014648438,45.223140716552734,110.12281799316406,82.28546142578125,57.84701919555664,88.45348358154297,122.01000213623047
2019-04-01,256.1878356933594,45.53028106689453,111.13121032714844,85.05729675292969,58.512847900390625,87.8452377319336,121.52999877929688
2019-04-02,256.313232421875,46.192134857177734,111.28997039794922,85.4637222290039,58.262271881103516,87.99482727050781,121.9800033569336
2019-04-03,256.7167053222656,46.508792877197266,112.01828002929688,85.63442993164062,57.91861343383789,87.72061920166016,121.80000305175781
2019-04-04,257.3978271484375,46.58973693847656,111.4487075805664,86.46170043945312,58.7419319152832,87.81202697753906,122.11000061035156
2019-04-05,258.6436767578125,46.901611328125,111.94357299804688,86.25691223144531,59.05693054199219,87.85356903076172,121.9800033569336
2019-04-08,258.8408203125,47.6396598815918,111.9809341430664,86.53543090820312,59.42206573486328,87.7123031616211,122.51000213623047
2019-04-09,257.51434326171875,47.4968147277832,111.37399291992188,85.89653778076172,58.656036376953125,87.87019348144531,123.1500015258789
2019-04-10,258.3926696777344,47.76346206665039,112.22369384765625,86.281494140625,58.391143798828125,88.07791900634766,123.52999877929688
2019-04-11,258.321044921875,47.36587142944336,112.35440826416016,87.01045989990234,58.67033767700195,87.87849426269531,121.94999694824219
2019-04-12,260.0688171386719,47.34682846069336,112.93330383300781,91.0894775390625,57.93294906616211,87.4713363647461,121.83000183105469
2019-04-15,259.89849853515625,47.432525634765625,113.02667999267578,90.04925537109375,57.73963928222656,87.58766174316406,121.5999984741211
2019-04-16,260.0688171386719,47.43729019165039,112.76522827148438,90.99938201904297,58.133392333984375,87.2885513305664,120.51000213623047
2019-04-17,259.4324951171875,48.36104202270508,113.69892883300781,93.62043762207031,58.298057556152344,87.30514526367188,120.27999877929688
2019-04-18,259.9433288574219,48.53483200073242,115.19290924072266,92.93240356445312,58.083282470703125,87.51287078857422,120.37000274658203
2019-04-22,260.1673583984375,48.69435119628906,115.55706787109375,93.04708862304688,59.350486755371094,87.3882064819336,120.37000274658203
2019-04-23,262.5067443847656,49.39667892456055,117.1257095336914,93.16175079345703,59.69411849975586,87.54608917236328,120.12000274658203
2019-04-24,261.92413330078125,49.320499420166016,116.72422790527344,93.00614166259766,58.53431701660156,87.87849426269531,120.47000122070312
2019-04-25,261.7628173828125,48.87290954589844,120.58981323242188,93.05528259277344,58.8636474609375,87.77046203613281,120.56999969482422
2019-04-26,262.9817810058594,48.63960266113281,121.28077697753906,93.75965881347656,57.62509536743164,88.00313568115234,121.37000274658203
2019-04-29,263.3941650390625,48.713401794433594,121.16873168945312,95.11116027832031,57.2528076171875,87.8203125,120.83000183105469
2019-04-30,263.5285949707031,47.775367736816406,121.94369506835938,95.05380249023438,57.474727630615234,87.99482727050781,121.19999694824219
2019-05-01,261.5477294921875,50.12044143676758,119.40396118164062,94.32482147216797,56.322105407714844,87.95484161376953,120.4000015258789
2019-05-02,260.9830017089844,49.79426956176758,117.84467315673828,94.52959442138672,55.3341178894043,87.70503997802734,119.94000244140625
2019-05-03,263.5374450683594,50.41328811645508,120.35637664794922,95.11116027832031,55.462989807128906,87.8216552734375,120.6500015258789
2019-05-06,262.4529113769531,49.634769439697266,119.65607452392578,94.26750183105469,55.21957015991211,88.04644775390625,120.80999755859375
2019-05-07,258.07012939453125,48.2967529296875,117.2004165649414,92.7276382446289,54.92604446411133,88.34618377685547,121.20999908447266
2019-05-08,257.7115783691406,48.30628204345703,117.19109344482422,92.23619079589844,55.01193618774414,88.17965698242188,120.91000366210938
2019-05-09,256.93170166015625,47.787288665771484,117.18172454833984,92.16248321533203,54.96183395385742,88.41277313232422,121.19999694824219
2019-05-10,258.222412109375,47.125244140625,118.70367431640625,92.15428161621094,55.43975830078125,88.35449981689453,121.43000030517578
2019-05-13,251.7332000732422,44.386356353759766,115.17424774169922,89.6479263305664,54.824256896972656,88.79576110839844,122.66999816894531
2019-05-14,254.0098114013672,45.08900451660156,116.46277618408203,90.36050415039062,54.89665985107422,88.71249389648438,122.45999908447266
2019-05-15,255.4977264404297,45.62912368774414,118.10282897949219,90.01647186279297,55.302188873291016,88.99561309814453,122.38999938964844
2019-05-16,257.8639221191406,45.428375244140625,120.82998657226562,91.17137145996094,55.2949333190918,88.82072448730469,121.51000213623047
2019-05-17,256.19683837890625,45.17026901245117,120.0240478515625,90.72908020019531,54.96906661987305,88.8624038696289,120.6500015258789
2019-05-20,254.50282287597656,43.757789611816406,118.29025268554688,91.20414733886719,54.96183776855469,88.71249389648438,120.63999938964844
2019-05-21,256.79730224609375,44.59667205810547,118.92752838134766,91.5154037475586,55.21529006958008,88.61260223388672,120.36000061035156
2019-05-22,256.0085754394531,43.68372344970703,119.64917755126953,90.77005767822266,54.715633392333984,88.8790512084961,120.23999786376953
2019-05-23,252.88050842285156,42.938045501708984,118.2527847290039,88.98445129394531,53.43391418457031,89.42020416259766,121.16999816894531
2019-05-24,253.45419311523438,42.77312088012695,118.30899047851562,89.86088562011719,53.65839385986328,89.39525604248047,121.30000305175781
2019-05-28,251.0968017578125,42.59627914428711,118.23404693603516,88.88616180419922,52.57945251464844,89.78654479980469,120.83000183105469
2019-05-29,249.41188049316406,42.39312744140625,117.0906753540039,88.64044189453125,52.253578186035156,89.75324249267578,120.87000274658203
2019-05-30,250.09303283691406,42.613006591796875,117.83106994628906,87.69031524658203,52.115989685058594,90.07796478271484,121.69000244140625
2019-05-31,246.72296142578125,41.841060638427734,115.90983581542969,86.78932189941406,51.247032165527344,90.67740631103516,123.33000183105469
2019-06-03,246.09555053710938,41.41802215576172,112.31107330322266,87.1988754272461,52.05081558227539,91.11370849609375,125.11000061035156
2019-06-04,251.4374237060547,42.93325424194336,115.4225082397461,89.88543701171875,53.289085388183594,90.78002166748047,125.1500015258789
2019-06-05,253.6155242919922,43.6263427734375,117.9247817993164,90.20487976074219,52.84737014770508,90.78002166748047,125.47000122070312
2019-06-06,255.2646942138672,44.2668571472168,119.78973388671875,90.40148162841797,53.81045913696289,90.76332092285156,125.87999725341797
2019-06-07,257.8191223144531,45.445106506347656,123.14482116699219,89.41039276123047,54.00596237182617,91.12210845947266,126.58999633789062
2019-06-10,259.0021667480469,46.02587127685547,124.26942443847656,90.37687683105469,54.24492263793945,90.67157745361328,125.33000183105469
2019-06-11,258.939453125,46.5588264465332,123.80084228515625,90.6553726196289,54.19425582885742,90.67157745361328,125.18000030517578
2019-06-12,258.48223876953125,46.410667419433594,123.22919464111328,89.50048065185547,53.60770797729492,90.9051742553711,125.83000183105469
2019-06-13,259.54888916015625,46.40109634399414,124.00704193115234,89.72164916992188,54.07838439941406,91.13043212890625,126.5999984741211
2019-06-14,259.2620849609375,46.06411361694336,124.12887573242188,89.95097351074219,53.83942413330078,91.19717407226562,126.55999755859375
2019-06-17,259.3607177734375,46.338958740234375,124.50373077392578,89.45950317382812,54.37529754638672,91.18048095703125,126.4800033569336
2019-06-18,262.07647705078125,47.428775787353516,126.66860961914062,90.67996215820312,54.845977783203125,91.35562133789062,127.12000274658203
2019-06-19,262.6680908203125,47.290164947509766,127.16527557373047,90.0246810913086,54.541831970214844,91.6059341430664,127.88999938964844
2019-06-20,265.1775817871094,47.670166015625,128.34616088867188,90.2540283203125,55.475975036621094,91.75608825683594,131.11000061035156
2019-06-21,264.79217529296875,47.50764083862305,128.36489868164062,89.63970947265625,56.2580451965332,91.38068389892578,131.97999572753906
2019-06-24,264.4679870605469,47.459842681884766,129.12399291992188,89.00084686279297,55.7221794128418,91.69770050048828,133.94000244140625
2019-06-25,261.8741149902344,46.74046325683594,125.04730224609375,88.26366424560547,55.22977828979492,91.83948516845703,134.1999969482422
2019-06-26,261.61285400390625,47.75142288208008,125.5158920288086,88.8534164428711,55.46873092651367,91.46410369873047,132.97000122070312
2019-06-27,262.5405578613281,47.73707962036133,125.7220687866211,89.14826202392578,54.903900146484375,91.7394027709961,132.83999633789062
2019-06-28,263.89154052734375,47.30210876464844,125.54402923583984,91.5727310180664,55.49044418334961,91.78111267089844,133.1999969482422
2019-07-01,266.28729248046875,48.1696662902832,127.15596008300781,93.11259460449219,55.43975830078125,91.6657943725586,130.6199951171875
2019-07-02,266.98077392578125,48.45168685913086,127.99942779541016,93.21089172363281,54.83149337768555,91.9917221069336,133.41000366210938
2019-07-03,269.1153259277344,48.85319137573242,128.82411193847656,93.06242370605469,55.352874755859375,92.16716766357422,133.6300048828125
2019-07-05,268.8091125488281,48.8101806640625,128.44924926757812,93.61508178710938,55.12838363647461,91.58222961425781,132.13999938964844
2019-07-08,267.33203125,47.803993225097656,128.3555145263672,93.1036605834961,55.381832122802734,91.49031829833984,131.2899932861328
2019-07-09,267.6652526855469,48.0955810546875,127.88692474365234,93.49960327148438,55.34562683105469,91.43182373046875,131.75
2019-07-10,268.94427490234375,48.5711784362793,129.1896514892578,93.22738647460938,56.12770462036133,91.48194885253906,133.8300018310547
2019-07-11,269.57470703125,48.21746063232422,129.705078125,94.11824798583984,56.1711311340332,91.03067016601562,132.6999969482422
2019-07-12,270.781494140625,48.58790588378906,130.1736297607422,95.10810852050781,56.21460723876953,91.1309814453125,133.52999877929688
2019-07-15,270.87164306640625,49.04438781738281,130.1736297607422,93.95329284667969,55.81631851196289,91.32318878173828,133.52999877929688
2019-07-16,269.998046875,48.87468719482422,128.4679718017578,94.95962524414062,54.983558654785156,91.12258911132812,132.39999389648438
2019-07-17,268.1606750488281,48.599853515625,127.70886993408203,94.02752685546875,54.65769577026367,91.54878234863281,134.5800018310547
2019-07-18,269.142333984375,49.151939392089844,127.84950256347656,94.58842468261719,54.19425582885742,91.7744369506836,136.47999572753906
2019-07-19,267.6472473144531,48.41822052001953,128.03688049316406,93.65631866455078,54.30287551879883,91.60728454589844,134.47000122070312
2019-07-22,268.30474853515625,49.52477264404297,129.733154296875,94.25851440429688,54.360801696777344,91.64906311035156,134.4499969482422
2019-07-23,270.2231140136719,49.91194152832031,130.53915405273438,95.98247528076172,54.57804489135742,91.4986343383789,133.69000244140625
2019-07-24,271.4930725097656,49.871315002441406,131.87928771972656,96.37016296386719,54.57081604003906,91.63236236572266,134.3699951171875
2019-07-25,270.19610595703125,49.47697448730469,131.38259887695312,95.44631958007812,54.25942611694336,91.47357177734375,133.4199981689453
2019-07-26,272.00640869140625,49.64905548095703,132.4603271484375,95.86698913574219,54.17251968383789,91.45684814453125,133.63999938964844
2019-07-29,271.5111083984375,50.11269760131836,132.1697998046875,95.56178283691406,54.55632019042969,91.54041290283203,134.52999877929688
2019-07-30,270.84466552734375,49.897605895996094,131.53256225585938,95.34732055664062,54.56355285644531,91.58222961425781,134.97999572753906
2019-07-31,267.88140869140625,50.915733337402344,127.70886993408203,95.6855239868164,53.8466796875,91.81622314453125,133.2100067138672
2019-08-01,265.5487365722656,49.81395721435547,129.3863983154297,93.16139221191406,52.470802307128906,92.85762786865234,136.41000366210938
2019-08-02,263.5492858886719,48.759979248046875,128.29928588867188,93.15315246582031,51.956661224365234,93.05018615722656,135.88999938964844
2019-08-05,255.62351989746094,46.207496643066406,123.90396118164062,90.38155364990234,50.89219284057617,93.85382843017578,137.7899932861328
2019-08-06,259.20806884765625,47.08222579956055,126.22811889648438,91.09095764160156,51.38460159301758,94.0045166015625,138.91000366210938
2019-08-07,259.3612365722656,47.56978225708008,126.78105926513672,89.11127471923828,51.051513671875,94.0045166015625,141.02000427246094
2019-08-08,264.4498596191406,48.618980407714844,130.16424560546875,90.62078857421875,52.412879943847656,94.01287841796875,141.72999572753906
2019-08-09,262.64862060546875,48.21833419799805,129.0584259033203,90.52178955078125,51.297706604003906,93.87056732177734,141.25999450683594
2019-08-12,259.4513244628906,48.09599685668945,127.2590103149414,88.82255554199219,51.048439025878906,94.46495819091797,142.6300048828125
2019-08-13,263.4861755371094,50.13277053833008,129.8925018310547,90.19184875488281,51.6789436340332,94.13011932373047,141.77999877929688
2019-08-14,255.69557189941406,48.64056396484375,125.98086547851562,86.44690704345703,49.596832275390625,94.75798034667969,142.75
2019-08-15,256.3711242675781,48.398258209228516,125.69873809814453,86.77687072753906,49.303565979003906,95.3607406616211,143.6999969482422
2019-08-16,260.15386962890625,49.54021072387695,128.0024871826172,88.85556030273438,50.07337188720703,95.10957336425781,142.77999877929688
2019-08-19,263.2880859375,50.46383285522461,130.14637756347656,89.65569305419922,50.916481018066406,94.65751647949219,141.11000061035156
2019-08-20,261.2706604003906,50.46622848510742,129.0650177001953,88.51734161376953,50.60855484008789,95.07611083984375,142.2100067138672
2019-08-21,263.3962097167969,51.013221740722656,130.503662109375,88.76480865478516,51.11444091796875,94.82496643066406,141.75999450683594
2019-08-22,263.31524658203125,50.97003173828125,129.553955078125,89.68042755126953,51.00445556640625,94.61566925048828,141.39999389648438
2019-08-23,256.5512390136719,48.61418151855469,125.42607879638672,87.45325469970703,49.479522705078125,95.25192260742188,144.1699981689453
2019-08-26,259.38824462890625,49.537811279296875,127.36306762695312,88.15441131591797,49.74346923828125,95.1598129272461,144.19000244140625
2019-08-27,258.37060546875,48.97883987426758,127.63579559326172,87.22229766845703,49.25958251953125,95.57003021240234,145.57000732421875
2019-08-28,260.1898193359375,49.3074951171875,127.4665298461914,88.0966796875,49.61881637573242,95.60346221923828,145.16000366210938
2019-08-29,263.5132141113281,50.142364501953125,129.87367248535156,90.0928726196289,50.16868209838867,95.41934204101562,144.1199951171875
2019-08-30,263.3962097167969,50.07759475708008,129.6291961669922,90.62078857421875,50.2053337097168,95.4444580078125,143.75
2019-09-03,261.8560485839844,49.34828567504883,127.91783905029297,89.54845428466797,50.26398468017578,95.65409088134766,145.75
2019-09-04,264.8282165527344,50.18553924560547,129.41293334960938,90.62905883789062,50.79917907714844,95.8050308227539,146.66000366210938
2019-09-05,268.23272705078125,51.16675567626953,131.6884307861328,92.69123077392578,51.51765060424805,95.03356170654297,143.13999938964844
2019-09-06,268.43988037109375,51.161964416503906,130.79522705078125,92.8891830444336,52.00152587890625,95.09227752685547,141.9199981689453
2019-09-09,268.5749206542969,51.38026428222656,129.30950927734375,95.19061279296875,52.412086486816406,94.50527954101562,141.38999938964844
2019-09-10,268.5118103027344,51.98722457885742,127.95549011230469,96.40316009521484,52.83730697631836,93.81766510009766,140.17999267578125
2019-09-11,270.42120361328125,53.64017105102539,127.99310302734375,96.66712951660156,52.73467254638672,93.72541809082031,141.02999877929688
2019-09-12,271.35791015625,53.52021789550781,129.30950927734375,97.26104736328125,52.771324157714844,93.51580047607422,141.32000732421875
2019-09-13,271.17779541015625,52.47903060913086,129.12144470214844,99.17472076416016,53.25519943237305,92.66040802001953,140.14999389648438
2019-09-16,270.3403015136719,52.754920959472656,128.19053649902344,98.29212951660156,54.054317474365234,93.06295776367188,141.32000732421875
2019-09-17,271.0247497558594,52.946834564208984,129.18727111816406,97.8054428100586,53.64377212524414,93.30615234375,141.60000610351562
2019-09-18,271.1869201660156,53.443443298339844,130.24981689453125,98.78705596923828,53.38715744018555,93.33965301513672,140.7100067138672
2019-09-19,271.1688232421875,53.00922393798828,132.6475372314453,98.47357177734375,53.027923583984375,93.38158416748047,141.27999877929688
2019-09-20,269.88763427734375,52.23433303833008,131.11488342285156,98.07764434814453,52.844635009765625,93.91829681396484,142.9499969482422
2019-09-23,269.8241882324219,52.47184753417969,130.8328094482422,98.06114959716797,52.88129425048828,94.05243682861328,143.75
2019-09-24,267.70697021484375,52.22233200073242,129.1779022216797,96.7826156616211,52.155487060546875,94.52201080322266,144.50999450683594
2019-09-25,269.2903747558594,53.02601623535156,131.03964233398438,97.33527374267578,52.3094367980957,93.90151977539062,141.8300018310547
2019-09-26,268.7295227050781,52.752525329589844,131.20887756347656,96.53515625,52.030845642089844,94.10279846191406,141.7899932861328
2019-09-27,267.28179931640625,52.4958381652832,129.50692749023438,97.10429382324219,52.40476608276367,94.23692321777344,141.05999755859375
2019-09-30,268.5212707519531,53.73133087158203,130.7293701171875,97.07954406738281,51.76691436767578,94.31244659423828,138.8699951171875
2019-10-01,265.3273010253906,53.88006591796875,128.88636779785156,95.31432342529297,50.5499153137207,94.5736083984375,139.6300048828125
2019-10-02,260.64044189453125,52.529415130615234,126.61085510253906,93.4171142578125,49.23027420043945,94.90111541748047,141.25999450683594
2019-10-03,262.77581787109375,52.97563934326172,128.14353942871094,93.28406524658203,49.83877944946289,95.3966064453125,141.89999389648438
2019-10-04,266.3316650390625,54.46064758300781,129.87367248535156,95.30458068847656,50.5645751953125,95.58137512207031,141.89999389648438
2019-10-07,265.1825866699219,54.47263717651367,128.93338012695312,95.09671020507812,49.86808776855469,95.26225280761719,140.69000244140625
2019-10-08,261.06573486328125,53.83448791503906,127.56996154785156,92.97642517089844,48.90034866333008,95.46379852294922,141.9199981689453
2019-10-09,263.54486083984375,54.46544647216797,129.9864959716797,93.64994049072266,49.442867279052734,95.22025299072266,142.0500030517578
2019-10-10,265.3273010253906,55.199546813964844,130.79522705078125,94.96366119384766,50.03672409057617,94.62398529052734,140.80999755859375
2019-10-11,268.0780029296875,56.667762756347656,131.34054565429688,96.56842041015625,50.57190704345703,93.97727966308594,140.02999877929688
2019-10-14,267.7794189453125,56.58618927001953,131.21827697753906,96.82620239257812,50.718536376953125,94.23768615722656,140.58999633789062
2019-10-15,270.4304504394531,56.45425033569336,133.1177520751953,99.74472045898438,50.89448547363281,93.78413391113281,139.61000061035156
2019-10-16,269.9961853027344,56.226341247558594,132.02694702148438,99.51187896728516,50.02205276489258,93.96892547607422,140.41000366210938
2019-10-17,270.79241943359375,56.444664001464844,131.34996032714844,100.0689697265625,49.95606994628906,93.93531799316406,140.61000061035156
2019-10-18,269.6070556640625,56.71574783325195,129.2061004638672,100.24357604980469,49.56751251220703,94.01927947998047,140.4600067138672
2019-10-21,271.43475341796875,57.6993522644043,130.16514587402344,102.72972869873047,50.39594268798828,93.67496490478516,139.7899932861328
2019-10-22,270.5481872558594,57.56739807128906,128.22817993164062,103.76073455810547,50.652549743652344,93.893310546875,140.1999969482422
2019-10-23,271.3352966308594,58.33989334106445,129.04620361328125,104.0351333618164,51.13642120361328,93.92688751220703,140.52999877929688
2019-10-24,271.77874755859375,58.435855865478516,131.58502197265625,103.96029663085938,50.652549743652344,93.91011810302734,141.52999877929688
2019-10-25,272.8915710449219,59.15557098388672,132.327880859375,104.79178619384766,50.76985168457031,93.70857238769531,141.86000061035156
2019-10-28,274.4296875,59.74813461303711,135.58126831054688,105.19091796875,50.3226318359375,93.3558349609375,140.63999938964844
2019-10-29,274.34832763671875,58.36628723144531,134.30250549316406,105.12437438964844,50.17600631713867,93.4398193359375,140.25
2019-10-30,275.18975830078125,58.359073638916016,135.9761962890625,104.54235076904297,49.64815139770508,93.893310546875,141.02000427246094
2019-10-31,274.4569091796875,59.678550720214844,134.81021118164062,103.86885070800781,49.538177490234375,94.4896011352539,142.42999267578125
2019-11-01,276.9994201660156,61.37228012084961,135.13934326171875,106.2635269165039,51.02644729614258,94.311279296875,142.55999755859375
2019-11-04,278.1123046875,61.77531433105469,135.91978454589844,107.11163330078125,52.54404830932617,93.83189392089844,142.14999389648438
2019-11-05,277.8046569824219,61.68655776977539,135.8351593017578,107.34446716308594,53.58510208129883,93.32723999023438,139.85000610351562
2019-11-06,277.8680725097656,61.71295166015625,135.45901489257812,107.5107421875,52.412086486816406,93.59640502929688,140.4499969482422
2019-11-07,278.8453369140625,62.42517852783203,135.64706420898438,108.0927963256836,53.52645492553711,92.84780883789062,138.27000427246094
2019-11-08,279.532958984375,62.59604263305664,137.24563598632812,108.40876007080078,52.50993728637695,92.72164154052734,137.38999938964844
2019-11-11,278.9990234375,63.09173583984375,137.3866729736328,108.02627563476562,52.19089126586914,92.82256317138672,137.05999755859375
2019-11-12,279.5871276855469,63.03397750854492,138.28932189941406,107.39435577392578,51.471187591552734,92.86461639404297,137.42999267578125
2019-11-13,279.6776123046875,63.637939453125,138.5150146484375,106.82891845703125,51.04824447631836,93.11692810058594,137.97999572753906
2019-11-14,280.08477783203125,63.19759750366211,139.22021484375,106.9287338256836,50.82564163208008,93.58794403076172,138.55999755859375
2019-11-15,282.1116638183594,63.9483528137207,141.01620483398438,107.70198059082031,51.337615966796875,93.51224517822266,138.2100067138672
2019-11-18,282.3196716308594,64.27078247070312,141.36410522460938,108.60831451416016,50.84046936035156,93.67202758789062,138.6199951171875
2019-11-19,282.23834228515625,64.07586669921875,141.4111328125,108.57504272460938,50.321102142333984,93.84867858886719,138.69000244140625
2019-11-20,281.188720703125,63.32994842529297,141.16583251953125,107.7851333618164,50.47692108154297,94.19356536865234,138.75999450683594
2019-11-21,280.736328125,63.04600524902344,141.03375244140625,108.03457641601562,51.69376754760742,93.9580307006836,138.0
2019-11-22,281.360595703125,62.990657806396484,141.13748168945312,108.74966430664062,51.471187591552734,93.94119262695312,137.74000549316406
2019-11-25,283.5412902832031,64.0951156616211,142.68482971191406,109.33169555664062,51.12985610961914,93.98326873779297,137.0800018310547
2019-11-26,284.1836242675781,63.5946159362793,143.43960571289062,109.48136901855469,51.00371551513672,94.1598892211914,137.74000549316406
2019-11-27,285.45037841796875,64.44883728027344,143.7132568359375,109.80563354492188,50.974029541015625,93.91602325439453,137.00999450683594
2019-11-29,284.3917541503906,64.306884765625,142.82638549804688,109.55619812011719,50.551109313964844,93.84028625488281,137.86000061035156
2019-12-02,281.97589111328125,63.5633544921875,141.09979248046875,109.31507110595703,50.76628494262695,93.50336456298828,137.7899932861328
2019-12-03,280.08477783203125,62.43000411987305,140.87335205078125,107.90985870361328,50.3656120300293,94.33723449707031,139.11000061035156
2019-12-04,281.8130187988281,62.98103713989258,141.38279724121094,110.03845977783203,50.93693923950195,93.97503662109375,138.9199981689453
2019-12-05,282.3196716308594,63.905025482177734,141.45828247070312,110.6371078491211,50.75885772705078,93.75606536865234,139.0
2019-12-06,284.89849853515625,65.13944244384766,143.1754608154297,112.283447265625,51.575050354003906,93.4696273803711,137.6199951171875
2019-12-09,284.00262451171875,64.22747802734375,142.80752563476562,111.75963592529297,51.68634033203125,93.54547119140625,137.5800018310547
2019-12-10,283.68597412109375,64.60282897949219,142.59048461914062,111.83444213867188,51.24116134643555,93.43597412109375,137.97000122070312
2019-12-11,284.4913024902344,65.15383911132812,143.12826538085938,111.568359375,51.166954040527344,93.82345581054688,138.9199981689453
2019-12-12,286.94329833984375,65.31989288330078,144.5812530517578,114.76129150390625,52.19089126586914,93.08219909667969,138.42999267578125
2019-12-13,287.115234375,66.20781707763672,145.79837036132812,113.7552261352539,51.36729049682617,93.6297378540039,139.0500030517578
2019-12-16,289.0877380371094,67.34114837646484,146.74188232421875,114.19585418701172,51.93862533569336,93.19171142578125,139.0399932861328
2019-12-17,289.15106201171875,67.4734878540039,145.9493408203125,114.89431762695312,51.70118713378906,93.20014190673828,139.00999450683594
2019-12-18,289.1690979003906,67.3122787475586,145.6473846435547,114.77792358398438,51.8421745300293,92.94744110107422,139.02000427246094
2019-12-19,290.3544616699219,67.37963104248047,146.9116973876953,114.20419311523438,51.48601531982422,93.02001190185547,139.3800048828125
2019-12-20,291.6274719238281,67.24009704589844,148.51564025878906,114.11273956298828,51.89409637451172,93.02001190185547,139.52000427246094
2019-12-23,292.072998046875,68.33731842041016,148.51564025878906,114.0794677734375,52.15378952026367,92.9356460571289,139.9499969482422
2019-12-24,292.0820617675781,68.40229797363281,148.4873809814453,114.3954086303711,51.953453063964844,93.09590911865234,141.27000427246094
2019-12-26,293.6369323730469,69.75941467285156,149.70445251464844,115.60938262939453,52.03507614135742,93.23086547851562,142.3800048828125
2019-12-27,293.5641784667969,69.73294067382812,149.9780731201172,115.69253540039062,51.856998443603516,93.36583709716797,142.3300018310547
2019-12-30,291.9456787109375,70.14683532714844,148.6854705810547,115.26848602294922,51.55278396606445,93.3067855834961,142.6300048828125
2019-12-31,292.65484619140625,70.65935516357422,148.7892608642578,115.9087142944336,51.7753791809082,92.96939849853516,142.89999389648438
2020-01-02,295.3917541503906,72.27155303955078,151.54429626464844,117.31395721435547,52.60640335083008,93.39952087402344,143.9499969482422
2020-01-03,293.1549987792969,71.56892395019531,149.65725708007812,115.76581573486328,52.183475494384766,94.02375030517578,145.86000061035156
2020-01-06,294.2734375,72.13919830322266,150.0441436767578,115.6737289428711,52.58413314819336,93.92252349853516,147.38999938964844
2020-01-07,293.4459533691406,71.79991912841797,148.67604064941406,113.70722198486328,52.15378952026367,93.78758239746094,147.97000122070312
2020-01-08,295.0099182128906,72.95491790771484,151.04425048828125,114.59425354003906,51.36729049682617,93.56826782226562,146.86000061035156
2020-01-09,297.01031494140625,74.50454711914062,152.93121337890625,115.01264190673828,51.76054763793945,93.63572692871094,146.02999877929688
2020-01-10,296.1555480957031,74.67296600341797,152.22360229492188,113.8662338256836,51.30050277709961,93.83821105957031,146.91000366210938
2020-01-13,298.1922607421875,76.26831817626953,154.05397033691406,114.81184387207031,51.790218353271484,93.72850799560547,145.82000732421875
2020-01-14,297.7376708984375,75.23843383789062,152.96897888183594,116.15074920654297,51.345027923583984,93.91410064697266,145.69000244140625
2020-01-15,298.41046142578125,74.916015625,153.95960998535156,114.41015625,51.26341247558594,94.15027618408203,146.5399932861328
2020-01-16,300.8928527832031,75.85445404052734,156.7806396484375,114.85366821289062,51.063087463378906,93.95625305175781,146.30999755859375
2020-01-17,301.8293762207031,76.6942367553711,157.65814208984375,115.64865112304688,50.87016296386719,93.88034057617188,146.5800018310547
2020-01-21,301.23828125,76.17448425292969,157.09201049804688,114.51058197021484,50.14302062988281,94.2514877319336,146.74000549316406
2020-01-22,301.2746887207031,76.4463882446289,156.3372344970703,114.376708984375,49.8536491394043,94.26837158203125,146.7899932861328
2020-01-23,301.6202087402344,76.81451416015625,157.2996063232422,114.25953674316406,49.54201889038086,94.50458526611328,147.1199951171875
2020-01-24,298.9378662109375,76.59315490722656,155.7145233154297,111.42271423339844,49.208126068115234,94.8419189453125,147.97999572753906
2020-01-27,294.1460876464844,74.34093475341797,153.1104736328125,110.4854736328125,48.03580856323242,95.48298645019531,148.99000549316406
2020-01-28,297.22845458984375,76.4439468383789,156.11080932617188,112.49382781982422,47.969017028808594,95.1624755859375,147.66000366210938
2020-01-29,296.9830627441406,78.04412841796875,158.54501342773438,112.32647705078125,47.56835174560547,95.61797332763672,148.4600067138672
2020-01-30,297.9468688964844,77.93102264404297,163.01715087890625,113.71562957763672,48.07290267944336,95.71074676513672,148.47000122070312
2020-01-31,292.5367126464844,74.47566986083984,160.61126708984375,110.76163482666016,46.09181213378906,96.19153594970703,149.3300018310547
2020-02-03,294.7098388671875,74.2711410522461,164.5268096923828,111.6068115234375,45.060455322265625,96.10957336425781,148.36000061035156
2020-02-04,299.2015686035156,76.72308349609375,169.94244384765625,113.21349334716797,44.496559143066406,95.5521240234375,146.42999267578125
2020-02-05,302.6567687988281,77.34872436523438,169.73484802246094,115.13818359375,46.5444221496582,95.1382827758789,146.61000061035156
2020-02-06,303.6752014160156,78.25347137451172,173.2540740966797,115.15493774414062,45.91374206542969,95.20582580566406,147.39999389648438
2020-02-07,302.0567626953125,77.1897964477539,173.49942016601562,114.78670501708984,45.60952377319336,95.6619644165039,147.7899932861328
2020-02-10,304.3116149902344,77.55641174316406,178.03758239746094,115.26371002197266,45.127845764160156,95.84773254394531,148.1699981689453
2020-02-11,304.8389892578125,77.08848571777344,174.01834106445312,115.4813003540039,45.55683898925781,95.61971282958984,147.66000366210938
2020-02-12,306.80303955078125,78.9191665649414,174.27310180664062,115.4813003540039,46.11378479003906,95.37474822998047,147.5399932861328
2020-02-13,306.4756164550781,78.357177734375,173.32960510253906,115.38087463378906,45.857887268066406,95.45917510986328,148.3800048828125
2020-02-14,306.96673583984375,78.37646484375,174.87689208984375,115.02941131591797,45.64715576171875,95.69574737548828,149.0
2020-02-18,306.1755676269531,76.94136047363281,176.65069580078125,113.50638580322266,45.067630767822266,95.84773254394531,150.91000366210938
2020-02-19,307.6395568847656,78.05567932128906,177.1804962158203,115.05451965332031,45.41384506225586,95.83084869384766,151.7899932861328
2020-02-20,306.3756408691406,77.25489807128906,174.4747314453125,115.05451965332031,45.052574157714844,96.10957336425781,152.41000366210938
2020-02-21,303.2204895019531,75.50623321533203,168.95912170410156,113.64866638183594,44.503150939941406,96.49808502197266,154.6999969482422
2020-02-24,293.1640625,71.91966247558594,161.67434692382812,110.59425354003906,42.418365478515625,97.24980163574219,156.08999633789062
2020-02-25,284.28057861328125,69.48359680175781,159.0064697265625,105.65699768066406,40.79267501831055,97.52008819580078,153.3000030517578
2020-02-26,283.2350158691406,70.58586120605469,160.99322509765625,105.97501373291016,39.89704132080078,97.46940612792969,153.97000122070312
2020-02-27,270.5143737792969,65.97179412841797,149.64976501464844,101.56494140625,37.49614715576172,97.94239807128906,154.0
2020-02-28,269.3777770996094,65.93319702148438,153.27322387695312,97.16327667236328,38.715415954589844,99.04042053222656,148.3800048828125
2020-03-02,281.04364013671875,72.07160949707031,163.471923828125,101.69048309326172,40.55183792114258,98.97274017333984,149.1999969482422
2020-03-03,272.9967041015625,69.78268432617188,155.63839721679688,97.87458038330078,38.61004638671875,100.12284088134766,153.88999938964844
2020-03-04,284.4715270996094,73.01951599121094,161.35275268554688,100.2929916381836,39.45299530029297,99.90298461914062,154.16000366210938
2020-03-05,275.0152282714844,70.6509780883789,157.3035125732422,95.37250518798828,37.71441650390625,100.79084777832031,157.49000549316406
2020-03-06,270.46893310546875,69.71273040771484,152.85699462890625,90.44361877441406,35.89303970336914,101.8141098022461,157.5500030517578
2020-03-09,249.34686279296875,64.19902038574219,142.49749755859375,78.19254302978516,31.505189895629883,102.72740173339844,157.80999755859375
2020-03-10,262.249267578125,68.82271575927734,152.2419891357422,84.26786041259766,32.671775817871094,100.84162902832031,154.47999572753906
2020-03-11,249.46493530273438,66.43246459960938,145.34512329101562,80.30133819580078,31.59551429748535,99.8353042602539,153.92999267578125
2020-03-12,225.5968475341797,59.87195587158203,131.56085205078125,73.68209838867188,27.982872009277344,99.88607025146484,147.7899932861328
2020-03-13,244.88232421875,67.04512023925781,150.26473999023438,86.95405578613281,28.690345764160156,99.23493194580078,143.27999877929688
2020-03-16,218.08636474609375,58.419960021972656,128.1171417236328,73.94149017333984,25.958293914794922,101.85636138916016,141.63999938964844
2020-03-17,229.86134338378906,60.98869323730469,138.66586303710938,78.46033477783203,27.704397201538086,99.30256652832031,143.55999755859375
2020-03-18,218.22271728515625,59.49568557739258,132.82859802246094,70.20091247558594,24.92718505859375,97.9242172241211,140.6999969482422
2020-03-19,218.6864471435547,59.03982162475586,135.01405334472656,71.38082885742188,25.913129806518555,98.24552917480469,138.0399932861328
2020-03-20,209.26235961914062,55.29165267944336,129.94308471679688,69.87455749511719,24.64118766784668,100.74860382080078,140.11000061035156
2020-03-23,203.9119110107422,54.11704635620117,128.64697265625,66.13395690917969,23.670286178588867,101.9409408569336,146.3000030517578
2020-03-24,222.38693237304688,59.54634475708008,140.34039306640625,74.00008392333984,26.673294067382812,101.24752044677734,153.39999389648438
2020-03-25,225.7161102294922,59.21831130981445,138.9969940185547,76.76158905029297,28.065670013427734,101.30671691894531,151.3000030517578
2020-03-26,238.8957061767578,62.33456039428711,147.69140625,82.1088638305664,29.21718406677246,101.55194091796875,153.24000549316406
2020-03-27,231.780029296875,59.75376892089844,141.62705993652344,76.2594985961914,27.809764862060547,102.30458068847656,152.25
2020-03-30,239.30723571777344,61.459022521972656,151.58920288085938,78.24272918701172,28.22371482849121,102.54135131835938,152.9199981689453
2020-03-31,235.74026489257812,61.33360290527344,149.2051239013672,75.33900451660156,28.577455520629883,102.72740173339844,148.0500030517578
2020-04-01,225.1308135986328,58.106407165527344,143.90713500976562,70.59420776367188,28.246292114257812,103.1456298828125,149.4499969482422
2020-04-02,230.3257598876953,59.076011657714844,146.8872528076172,73.2302017211914,30.40635108947754,103.16254425048828,151.89999389648438
2020-04-03,226.9966278076172,58.22700500488281,145.5343475341797,71.06566619873047,29.510711669921875,103.23873138427734,152.64999389648438
2020-04-06,242.24310302734375,63.30659103393555,156.35745239257812,75.63992309570312,30.459035873413086,102.77312469482422,156.8800048828125
2020-04-07,242.49012756347656,62.57332992553711,154.67344665527344,76.63764190673828,31.038564682006836,102.31588745117188,156.0399932861328
2020-04-08,250.63011169433594,64.17489624023438,156.22499084472656,79.73220825195312,33.002933502197266,102.18888854980469,154.64999389648438
2020-04-09,254.44400024414062,64.63798522949219,156.23443603515625,86.88530731201172,32.461029052734375,102.40904998779297,158.69000244140625
2020-04-13,252.1208953857422,65.90665435791016,156.58447265625,83.02128601074219,32.182559967041016,102.18888854980469,161.41000366210938
2020-04-14,259.55657958984375,69.23517608642578,164.33282470703125,80.74683380126953,31.934194564819336,102.3243637084961,162.67999267578125
2020-04-15,254.04159545898438,68.60321044921875,162.61093139648438,76.76444244384766,30.466556549072266,103.23873138427734,161.85000610351562
2020-04-16,255.26719665527344,69.1483383178711,167.49269104003906,73.83898162841797,29.46556282043457,103.34881591796875,161.7100067138672
2020-04-17,262.1632995605469,68.2100830078125,168.96853637695312,80.47628021240234,32.528770446777344,103.0779037475586,158.57000732421875
2020-04-20,257.5445861816406,66.79425811767578,165.6194610595703,77.5423355102539,30.993396759033203,103.34881591796875,159.6999969482422
2020-04-21,249.72463989257812,64.72962188720703,158.76986694335938,75.29326629638672,30.827829360961914,103.63664245605469,158.61000061035156
2020-04-22,255.26719665527344,66.59407043457031,164.16253662109375,75.53845977783203,31.708406448364258,103.31494140625,161.72999572753906
2020-04-23,255.24876403808594,66.33599090576172,162.1757354736328,75.58072662353516,32.70188522338867,103.3826675415039,163.33999633789062
2020-04-24,258.8067321777344,68.25109100341797,165.13697814941406,76.69681549072266,32.91261672973633,103.40809631347656,162.63999938964844
2020-04-27,262.5382385253906,68.29934692382812,164.6639404296875,80.00279998779297,33.07067108154297,102.85775756835938,161.55999755859375
2020-04-28,261.3310241699219,67.19224548339844,160.65257263183594,80.56929779052734,33.84588623046875,103.30648803710938,160.83999633789062
2020-04-29,268.17230224609375,69.399169921875,167.86163330078125,82.74227142333984,35.719940185546875,103.25569915771484,161.72999572753906
2020-04-30,265.6754150390625,70.86322021484375,169.54571533203125,80.9666748046875,34.97482681274414,103.01012420654297,158.8000030517578
2020-05-01,258.6420593261719,69.72238159179688,165.15589904785156,78.84442901611328,32.468563079833984,103.15254211425781,159.77999877929688
2020-05-04,259.3554992675781,70.7088851928711,169.19566345214844,77.90589141845703,33.77814865112305,103.16951751708984,160.33999633789062
2020-05-05,261.751708984375,71.7701187133789,171.0120849609375,77.78753662109375,33.74051284790039,103.09321594238281,161.02000427246094
2020-05-06,259.9774169921875,72.51061248779297,172.69607543945312,76.32478332519531,33.108306884765625,102.71183776855469,158.9499969482422
2020-05-07,263.114501953125,73.26071166992188,173.6989288330078,77.11958312988281,33.29644775390625,103.3389892578125,161.38999938964844
2020-05-08,267.4679870605469,75.00443267822266,174.72068786621094,78.37940979003906,34.756561279296875,102.99995422363281,160.4199981689453
2020-05-11,267.5229187011719,76.18466186523438,176.6696319580078,76.0711441040039,34.4254150390625,102.71183776855469,159.4199981689453
2020-05-12,262.1907653808594,75.31401062011719,172.66773986816406,73.58531951904297,33.84998321533203,103.05081939697266,160.0399932861328
2020-05-13,257.5536804199219,74.4046630859375,170.0565643310547,71.04877471923828,32.169761657714844,103.26268768310547,161.5800018310547
2020-05-14,260.6358947753906,74.86176300048828,170.79449462890625,73.99961853027344,32.45363998413086,103.42375183105469,163.00999450683594
2020-05-15,261.8340148925781,74.41917419433594,173.2826690673828,72.6298828125,32.223472595214844,103.35594940185547,163.92999267578125
2020-05-18,269.8094177246094,76.17256927490234,174.93829345703125,76.47699737548828,34.78600311279297,102.72030639648438,162.69000244140625
2020-05-19,267.03814697265625,75.73243713378906,173.72732543945312,74.97196960449219,33.71189498901367,103.00846862792969,164.25999450683594
2020-05-20,271.57464599609375,77.20525360107422,176.1370391845703,77.2210464477539,34.80901336669922,103.03388214111328,164.64999389648438
2020-05-21,269.6996154785156,76.62966918945312,174.02142333984375,76.24026489257812,34.18756103515625,103.1016845703125,162.25
2020-05-22,270.2119445800781,77.123046875,174.09732055664062,75.64838409423828,34.21826171875,103.296630859375,163.2100067138672
2020-05-26,273.541015625,76.60065460205078,172.2568359375,81.01740264892578,35.22331619262695,103.02542877197266,160.88999938964844
2020-05-27,277.61102294921875,76.93439483642578,172.4844970703125,85.71004486083984,35.47651672363281,103.11017608642578,161.17999267578125
2020-05-28,277.09881591796875,76.96827697753906,172.0955352783203,84.43329620361328,34.555843353271484,103.01693725585938,161.72000122070312
2020-05-29,278.3335266113281,76.89328002929688,173.85064697265625,82.27720642089844,34.8857421875,103.34746551513672,162.91000366210938
2020-06-01,279.4585876464844,77.83891296386719,173.4522247314453,83.367919921875,35.50719451904297,103.3067398071289,163.66000366210938
2020-06-02,281.7723693847656,78.19926452636719,175.42550659179688,83.64697265625,36.29744338989258,103.1370620727539,162.60000610351562
2020-06-03,285.5224304199219,78.6297607421875,175.85243225097656,88.16203308105469,37.7781867980957,102.52623748779297,159.60000610351562
2020-06-04,284.7723693847656,77.95258331298828,173.5375518798828,89.99681091308594,37.670772552490234,102.11902618408203,161.27999877929688
2020-06-05,292.0709533691406,80.17276763916016,177.59800720214844,94.04682159423828,40.724327087402344,101.60997772216797,158.00999450683594
2020-06-08,295.601318359375,80.64674377441406,178.6986083984375,95.92386627197266,41.99791717529297,101.72029113769531,159.72000122070312
2020-06-09,293.39715576171875,83.19343566894531,180.06471252441406,93.46342468261719,41.0619010925293,102.08506774902344,161.25999450683594
2020-06-10,291.760009765625,85.33379364013672,186.7436065673828,89.67550659179688,38.85997009277344,102.84861755371094,163.57000732421875
2020-06-11,274.94036865234375,81.23687744140625,176.71575927734375,82.19271087646484,35.43046569824219,103.21344757080078,162.38999938964844
2020-06-12,278.23291015625,81.93820190429688,178.11032104492188,84.4417495727539,36.190032958984375,102.984375,162.6199951171875
2020-06-15,280.8304748535156,82.95156860351562,179.24879455566406,85.60856628417969,36.1670036315918,102.89952850341797,162.3300018310547
2020-06-16,286.23577880859375,85.14999389648438,183.64132690429688,86.29344177246094,36.98027038574219,102.68743133544922,162.25
2020-06-17,285.0467529296875,85.03147888183594,184.27699279785156,84.11199188232422,35.77572250366211,102.84861755371094,162.55999755859375
2020-06-18,285.1566162109375,85.06533813476562,186.25027465820312,83.65543365478516,35.99821853637695,103.07770538330078,162.24000549316406
2020-06-19,283.52691650390625,84.5792236328125,185.1402587890625,82.69999694824219,35.27702331542969,103.11164855957031,164.02999877929688
2020-06-22,285.3457946777344,86.79210662841797,190.28224182128906,81.80372619628906,35.614601135253906,103.018310546875,165.08999633789062
2020-06-23,286.6593322753906,88.64470672607422,191.55352783203125,82.80145263671875,35.82943344116211,102.984375,166.47999572753906
2020-06-24,279.34710693359375,87.07994079589844,187.6923065185547,80.03662109375,34.14153289794922,103.17951965332031,165.89999389648438
2020-06-25,282.34185791015625,88.23595428466797,190.06407165527344,82.82681274414062,34.655574798583984,103.19642639160156,165.8000030517578
2020-06-26,275.6358337402344,85.52484130859375,186.2597198486328,78.28638458251953,33.466373443603516,103.47640991210938,166.5399932861328
2020-06-29,279.68695068359375,87.49589538574219,188.26153564453125,78.63304901123047,34.00343322753906,103.5782241821289,166.6300048828125
2020-06-30,283.2696838378906,88.22628021240234,193.07147216796875,79.52931213378906,34.310325622558594,103.39158630371094,167.3699951171875
2020-07-01,285.25396728515625,88.05941772460938,194.20045471191406,78.8528823852539,33.535423278808594,103.23020935058594,166.6199951171875
2020-07-02,286.82476806640625,88.05941772460938,195.68040466308594,79.10902404785156,33.81930160522461,103.3576431274414,166.97999572753906
2020-07-06,291.2525634765625,90.41502380371094,199.89271545410156,81.1068115234375,34.05714416503906,103.20477294921875,167.97999572753906
2020-07-07,288.24871826171875,90.13448333740234,197.56834411621094,78.81873321533203,33.17483139038086,103.53595733642578,169.0399932861328
2020-07-08,290.453369140625,92.23371887207031,201.9134521484375,79.6554183959961,33.098106384277344,103.37455749511719,170.08999633789062
2020-07-09,288.7998352050781,92.63035583496094,203.32701110839844,77.93083953857422,31.73244285583496,103.7057876586914,169.6300048828125
2020-07-10,291.74871826171875,92.79240417480469,202.71034240722656,82.19107818603516,32.72216796875,103.501953125,169.19000244140625
2020-07-13,289.2223815917969,92.36431884765625,196.44888305664062,83.3692626953125,32.729835510253906,103.61236572265625,169.39999389648438
2020-07-14,292.970458984375,93.89281463623047,197.6632537841797,83.84735870361328,33.81161880493164,103.60389709472656,170.19000244140625
2020-07-15,295.6620178222656,94.53853607177734,197.36907958984375,85.14509582519531,34.24128341674805,103.56986999511719,170.33999633789062
2020-07-16,294.6883239746094,93.3752670288086,193.46043395996094,85.3841323852539,33.972740173339844,103.64632415771484,168.72999572753906
2020-07-17,295.54266357421875,93.18659210205078,192.4738006591797,83.80465698242188,33.389652252197266,103.6208724975586,170.1199951171875
2020-07-20,297.93109130859375,95.15039825439453,200.7465362548828,83.0704574584961,32.60708236694336,103.68876647949219,170.94000244140625
2020-07-21,298.56488037109375,93.83716583251953,198.042724609375,84.87188720703125,34.25661849975586,103.79915618896484,173.0
2020-07-22,300.2644348144531,94.10077667236328,200.8888397216797,84.25716400146484,33.458702087402344,103.83311462402344,175.6300048828125
2020-07-23,296.681640625,89.81765747070312,192.15122985839844,84.5047607421875,33.52775573730469,103.93501281738281,177.17999267578125
2020-07-24,294.7709655761719,89.59515380859375,190.97483825683594,83.90711212158203,33.32060241699219,103.88407135009766,178.6999969482422
2020-07-27,296.9205322265625,91.71856689453125,193.39398193359375,82.72895050048828,33.81161880493164,103.72276306152344,182.22999572753906
2020-07-28,295.0372314453125,90.21188354492188,191.65792846679688,83.08753204345703,33.41266632080078,103.96902465820312,183.75
2020-07-29,298.6659851074219,91.94110870361328,193.59324645996094,85.10237884521484,33.78093719482422,104.10486602783203,185.1300048828125
2020-07-30,297.600341796875,93.05358123779297,193.44146728515625,82.83139038085938,32.12372970581055,104.24919891357422,183.75999450683594
2020-07-31,299.9519958496094,102.79523468017578,194.4945526123047,82.50697326660156,32.284847259521484,104.27471160888672,185.42999267578125
2020-08-03,302.037353515625,105.38545227050781,205.43313598632812,82.04595947265625,32.415283203125,104.22370147705078,185.63999938964844
2020-08-04,303.20404052734375,106.08919525146484,202.34983825683594,81.57636260986328,33.35129165649414,104.58062744140625,189.58999633789062
2020-08-05,305.0871887207031,106.47378540039062,202.0177764892578,82.99359893798828,33.6428337097168,104.232177734375,191.35000610351562
2020-08-06,307.1264953613281,110.1885757446289,205.25286865234375,83.01922607421875,33.48172378540039,104.35118103027344,193.88999938964844
2020-08-07,307.3470153808594,107.68331909179688,201.58140563964844,84.84625244140625,33.32827377319336,104.13021850585938,190.80999755859375
2020-08-10,308.265625,109.24848175048828,197.56834411621094,85.92200469970703,34.14920425415039,104.01971435546875,190.14999389648438
2020-08-11,305.72100830078125,105.99944305419922,192.94815063476562,88.63693237304688,34.50213623046875,103.66279602050781,179.94000244140625
2020-08-12,309.9834899902344,109.52227020263672,198.46014404296875,87.8856201171875,34.49430847167969,103.35689544677734,179.10000610351562
2020-08-13,309.4231262207031,111.46054077148438,197.9952392578125,87.39898681640625,33.64935302734375,103.1444091796875,183.3300018310547
2020-08-14,309.43231201171875,111.36119842529297,198.1849822998047,87.43312072753906,33.79800796508789,103.1954116821289,182.5399932861328
2020-08-17,310.415283203125,111.0704574584961,199.4942626953125,85.12798309326172,33.35987854003906,103.36536407470703,186.5
2020-08-18,311.08587646484375,111.99598693847656,200.64215087890625,83.94126892089844,33.195587158203125,103.54383087158203,188.17999267578125
2020-08-19,309.7906494140625,112.13651275634766,199.4248504638672,84.13764190673828,32.827884674072266,103.40788269042969,182.24000549316406
2020-08-20,310.7552185058594,114.62477111816406,204.0657958984375,83.13021850585938,32.32716751098633,103.705322265625,183.5
2020-08-21,311.8575744628906,120.53167724609375,202.5821990966797,83.08753204345703,32.08462905883789,103.78182983398438,182.02999877929688
2020-08-24,315.0176086425781,121.97327423095703,203.2193603515625,85.42681121826172,33.03129577636719,103.63729095458984,181.0
2020-08-25,316.1199951171875,120.9726333618164,205.86312866210938,85.80245208740234,31.982927322387695,103.39088439941406,181.22000122070312
2020-08-26,319.2892761230469,122.61774444580078,210.3138427734375,84.59866333007812,31.302263259887695,103.34838104248047,183.36000061035156
2020-08-27,319.9873962402344,121.15192413330078,215.47781372070312,87.38191986083984,31.09103775024414,102.98295593261719,181.24000549316406
2020-08-28,322.05438232421875,120.95567321777344,217.69361877441406,87.74048614501953,31.834272384643555,103.15288543701172,184.38999938964844
2020-08-31,320.8876953125,125.05752563476562,214.4792022705078,85.53781127929688,31.24750518798828,103.2634048461914,184.8300018310547
2020-09-01,323.9100036621094,130.0389404296875,216.13397216796875,85.4951171875,30.84849739074707,103.60186004638672,185.0500030517578
2020-09-02,328.5950622558594,127.3447265625,220.29933166503906,86.78427124023438,30.660747528076172,103.74646759033203,182.6199951171875
2020-09-03,317.2867126464844,117.14938354492188,206.6525115966797,86.51107788085938,30.59815216064453,103.88251495361328,181.13999938964844
2020-09-04,314.6960754394531,117.2269058227539,203.751953125,88.38080596923828,30.574676513671875,103.3042221069336,181.63999938964844
2020-09-08,306.0977478027344,109.338134765625,192.7298126220703,85.30728912353516,29.87055206298828,103.52532958984375,181.2899932861328
2020-09-09,312.1423034667969,113.69924926757812,200.93698120117188,86.11834716796875,29.69061279296875,103.47431182861328,183.0500030517578
2020-09-10,306.7224426269531,109.9874496459961,195.3070526123047,85.23045349121094,28.94736671447754,103.60186004638672,182.4600067138672
2020-09-11,306.8785095214844,108.5434341430664,194.03271484375,86.28910064697266,28.86912727355957,103.76348114013672,182.4499969482422
2020-09-14,310.92047119140625,111.79973602294922,195.34510803222656,87.48436737060547,28.681367874145508,103.66993713378906,183.88999938964844
2020-09-15,312.4913635253906,111.97418212890625,198.54994201660156,84.76089477539062,28.376243591308594,103.6188735961914,183.4499969482422
2020-09-16,311.2511901855469,108.66944122314453,195.00271606445312,85.11946105957031,29.58108139038086,103.55934143066406,183.97000122070312
2020-09-17,308.5137023925781,106.93467712402344,192.9675750732422,84.14617919921875,29.57324981689453,103.59337615966797,182.9600067138672
2020-09-18,304.9619140625,103.54267120361328,190.57102966308594,83.9668960571289,29.09601402282715,103.49978637695312,183.1999969482422
2020-09-21,301.56781005859375,106.68268585205078,192.61570739746094,81.3714599609375,28.501422882080078,103.68690490722656,179.52000427246094
2020-09-22,304.63909912109375,108.3592758178711,197.25662231445312,80.48355102539062,27.79729461669922,103.68690490722656,178.64999389648438
2020-09-23,297.5741882324219,103.81404876708984,190.76126098632812,79.17731475830078,26.90540313720703,103.68690490722656,174.7899932861328
2020-09-24,298.3673400878906,104.88007354736328,193.23388671875,79.10902404785156,26.85063362121582,103.73792266845703,175.44000244140625
2020-09-25,303.1910400390625,108.8147964477539,197.63699340820312,79.80055236816406,27.100990295410156,103.82301330566406,174.94000244140625
2020-09-28,308.2268981933594,111.41207885742188,199.17762756347656,82.09716033935547,27.625173568725586,103.80595397949219,176.6999969482422
2020-09-29,306.54827880859375,110.56892395019531,197.10443115234375,81.40560913085938,26.81934356689453,103.88251495361328,178.19000244140625
2020-09-30,308.8725280761719,112.23584747314453,200.02403259277344,82.19107818603516,26.85845947265625,103.60186004638672,177.1199951171875
2020-10-01,310.8554992675781,113.18558502197266,202.04965209960938,82.78870391845703,25.919626235961914,103.66058349609375,178.6999969482422
2020-10-02,307.9040222167969,109.53195190429688,196.0868682861328,83.57416534423828,25.802274703979492,103.55844116210938,178.5399932861328
2020-10-05,313.3641357421875,112.9045639038086,200.0715789794922,85.34058380126953,26.39687156677246,102.90319061279297,179.41000366210938
2020-10-06,308.90936279296875,109.6676254272461,195.82057189941406,84.46170043945312,26.12303924560547,103.14148712158203,177.3000030517578
2020-10-07,314.2864074707031,111.52837371826172,199.5485382080078,85.9351806640625,26.2091007232666,102.84362030029297,177.22000122070312
2020-10-08,317.0718688964844,111.4217758178711,200.26177978515625,87.70156860351562,27.586055755615234,103.0308837890625,177.85000610351562
2020-10-09,319.9033508300781,113.36006927490234,205.2354736328125,87.20185089111328,27.179227828979492,102.9797592163086,181.0800018310547
2020-10-12,325.0497741699219,120.56074523925781,210.55160522460938,88.27030944824219,27.09317398071289,103.0904312133789,180.55999755859375
2020-10-13,322.928466796875,117.36257934570312,211.9400634765625,86.83992004394531,26.772401809692383,103.32013702392578,177.72000122070312
2020-10-14,320.8993835449219,117.44982147216797,210.0380401611328,86.35738372802734,26.71763801574707,103.354248046875,178.27000427246094
2020-10-15,320.5028076171875,116.98462677001953,208.89686584472656,87.64990234375,26.95233917236328,103.24356842041016,178.9199981689453
2020-10-16,320.30914306640625,115.34676361083984,208.89686584472656,87.46894836425781,26.678518295288086,103.18402862548828,178.3000030517578
2020-10-19,315.43939208984375,112.4006118774414,203.723388671875,85.9954833984375,26.146509170532227,103.0137939453125,178.38999938964844
2020-10-20,316.70294189453125,113.88339233398438,204.13233947753906,86.48662567138672,26.365577697753906,102.79253387451172,179.25
2020-10-21,316.1034240722656,113.26314544677734,204.27496337890625,85.62495422363281,25.943096160888672,102.65640258789062,180.60000610351562
2020-10-22,317.8373718261719,112.17770385742188,204.360595703125,88.64944458007812,27.27311134338379,102.2989730834961,178.8300018310547
2020-10-23,318.91644287109375,111.48961639404297,205.6349334716797,89.4508056640625,26.725454330444336,102.44364929199219,178.63999938964844
2020-10-26,313.02288818359375,111.49931335449219,199.78623962402344,87.23628997802734,26.091747283935547,102.7159652709961,178.5500030517578
2020-10-27,311.9437561035156,113.0014419555664,202.80093383789062,85.59048461914062,25.67709732055664,102.94576263427734,179.02000427246094
2020-10-28,301.281982421875,107.76812744140625,192.74884033203125,83.18641662597656,24.69914436340332,102.93721771240234,176.1300048828125
2020-10-29,304.3439636230469,111.76097869873047,194.68893432617188,83.7292709350586,25.794448852539062,102.50320434570312,175.39999389648438
2020-10-30,301.1712341308594,105.50035095214844,192.54916381835938,84.47891998291016,25.520620346069336,102.1713638305664,176.1999969482422
2020-11-02,304.5468444824219,105.41310119628906,192.41600036621094,86.38324737548828,26.59246063232422,102.34674072265625,177.91000366210938
2020-11-03,309.9239501953125,107.03158569335938,196.31512451171875,89.10615539550781,26.138689041137695,102.11685180664062,178.9199981689453
2020-11-04,316.8504943847656,111.40238189697266,205.787109375,86.38324737548828,25.997859954833984,102.97686004638672,178.82000732421875
2020-11-05,323.0299377441406,115.35647583007812,212.34898376464844,89.91610717773438,25.9509220123291,102.95988464355469,182.92999267578125
2020-11-06,322.9561767578125,115.22541046142578,212.7578887939453,88.71837615966797,25.645795822143555,102.6107177734375,183.19000244140625
2020-11-09,327.0143737792969,112.92459869384766,207.68907165527344,100.73016357421875,28.89260482788086,101.85283660888672,175.0800018310547
2020-11-10,326.5347900390625,112.58483123779297,200.67071533203125,100.40274047851562,29.533588409423828,101.56334686279297,175.66000366210938
2020-11-11,328.9604187011719,116.00205993652344,205.9392547607422,98.90342712402344,29.229124069213867,101.72512817382812,174.89999389648438
2020-11-12,325.7691345214844,115.7302474975586,204.88363647460938,97.68846893310547,28.227577209472656,102.30420684814453,175.9600067138672
2020-11-13,330.27923583984375,115.77880096435547,205.90115356445312,98.30024719238281,28.90862274169922,102.16792297363281,177.16000366210938
2020-11-16,334.4020690917969,116.78842163085938,206.58592224121094,101.07484436035156,30.5752010345459,102.09129333496094,177.14999389648438
2020-11-17,332.6034851074219,115.90497589111328,203.95164489746094,100.0494384765625,30.983827590942383,102.35527038574219,176.5
2020-11-18,328.6006774902344,114.58467864990234,201.26278686523438,99.30841827392578,29.81402015686035,102.32120513916016,175.49000549316406
2020-11-19,329.9842224121094,115.1768569946289,202.5404815673828,99.57553100585938,29.96625518798828,102.4319076538086,175.16000366210938
2020-11-20,327.7244873046875,113.91482543945312,200.60488891601562,98.72245788574219,29.597692489624023,102.6107177734375,175.69000244140625
2020-11-23,329.6889953613281,110.52669525146484,200.33792114257812,101.56600189208984,31.536684036254883,102.40635681152344,172.22999572753906
2020-11-24,335.00146484375,111.80816650390625,203.91346740722656,106.26212310791016,33.635929107666016,102.24456024169922,169.58999633789062
2020-11-25,334.4850769042969,112.64305114746094,203.92306518554688,105.15058135986328,32.69847869873047,102.27862548828125,169.50999450683594
2020-11-27,335.4166259765625,113.18669891357422,205.2197723388672,104.45263671875,32.201698303222656,102.585205078125,167.7899932861328
2020-11-30,333.9316101074219,115.57490539550781,204.11375427246094,101.57461547851562,30.5511531829834,102.5170669555664,166.6699981689453
2020-12-01,337.5839538574219,119.13777923583984,206.1541748046875,103.17733764648438,30.847623825073242,101.97171783447266,170.17999267578125
2020-12-02,338.2942199707031,119.48726654052734,205.35328674316406,105.15921783447266,32.001399993896484,101.8012924194336,171.4600067138672
2020-12-03,338.20196533203125,119.35134887695312,204.27586364746094,104.46983337402344,32.217742919921875,102.07392883300781,172.80999755859375
2020-12-04,341.1164245605469,118.68148040771484,204.39027404785156,105.41771697998047,33.39554977416992,101.6734848022461,172.32000732421875
2020-12-07,340.4154968261719,120.13773345947266,204.32350158691406,105.02134704589844,32.77058792114258,101.9887466430664,174.88999938964844
2020-12-08,341.4116516113281,120.74929809570312,205.96348571777344,105.12472534179688,33.84424591064453,102.09098052978516,175.5
2020-12-09,338.3494567871094,118.22523498535156,201.94931030273438,104.30614471435547,34.29292678833008,101.94618225097656,172.5
2020-12-10,338.2389221191406,119.6426010131836,200.72885131835938,103.63402557373047,35.26242446899414,102.17622375488281,172.1699981689453
2020-12-11,337.8423156738281,118.83683013916016,203.34140014648438,103.02223205566406,35.09416580200195,102.38072967529297,172.49000549316406
2020-12-14,336.3296203613281,118.22523498535156,204.23770141601562,101.93653106689453,33.828216552734375,102.3210678100586,171.5399932861328
2020-12-15,340.8765563964844,124.14715576171875,204.1709442138672,103.67710876464844,34.48523712158203,102.21881866455078,173.94000244140625
2020-12-16,341.4116516113281,124.07919311523438,209.08145141601562,103.97871398925781,35.01404571533203,102.13359069824219,174.89999389648438
2020-12-17,343.32073974609375,124.94322967529297,209.2149200439453,103.11700439453125,34.837772369384766,102.05941772460938,176.74000549316406
2020-12-18,341.9499206542969,122.9627456665039,208.4235076904297,102.60862731933594,34.23684310913086,101.97418212890625,176.44000244140625
2020-12-21,340.727294921875,124.48692321777344,212.2374725341797,106.46033477783203,33.61188888549805,102.04237365722656,175.8800048828125
2020-12-22,340.1529846191406,128.03041076660156,213.5247039794922,104.84038543701172,33.043006896972656,102.21290588378906,174.49000549316406
2020-12-23,340.4587097167969,127.13723754882812,210.740478515625,107.77008056640625,33.4676628112793,101.99972534179688,175.64999389648438
2020-12-24,341.78314208984375,128.11778259277344,212.39004516601562,107.29615020751953,33.33144760131836,102.14466857910156,176.35000610351562
2020-12-28,344.7193908691406,132.69998168945312,214.4972686767578,108.00273895263672,33.44363021850586,102.1531982421875,175.7100067138672
2020-12-29,344.061767578125,130.93310546875,213.7248992919922,107.7183837890625,33.067047119140625,102.13616180419922,176.35000610351562
2020-12-30,344.5526428222656,129.81668090820312,211.3697967529297,108.01995849609375,33.33144760131836,102.20435333251953,177.6999969482422
2020-12-31,346.3033142089844,128.81674194335938,212.07537841796875,109.4934310913086,33.026981353759766,102.27259063720703,178.36000061035156
2021-01-04,341.58868408203125,125.63253021240234,207.5653839111328,108.45943450927734,33.25132369995117,102.29817962646484,182.3300018310547
2021-01-05,343.94134521484375,127.18578338623047,207.7655487060547,109.0495834350586,34.85380172729492,102.05941772460938,182.8699951171875
2021-01-06,345.9975891113281,122.904541015625,202.37838745117188,114.17012023925781,35.7431755065918,101.46259307861328,179.89999389648438
2021-01-07,351.1382751464844,127.09839630126953,208.13748168945312,117.91934204101562,36.02360916137695,101.10447692871094,179.47999572753906
2021-01-08,353.1388854980469,128.1954345703125,209.40565490722656,118.049560546875,36.424232482910156,100.81458282470703,173.33999633789062
2021-01-11,350.758544921875,125.21503448486328,207.37466430664062,119.81133270263672,37.52993392944336,100.61849212646484,173.0
2021-01-12,350.8326110839844,125.04031372070312,204.9337921142578,121.69464874267578,38.363224029541016,100.60144805908203,174.1199951171875
2021-01-13,351.7773132324219,127.06929779052734,206.27816772460938,121.8074951171875,38.7958869934082,100.95101165771484,173.3699951171875
2021-01-14,350.5454406738281,125.1470947265625,203.11257934570312,122.51914978027344,40.310211181640625,100.72077178955078,173.27999877929688
2021-01-15,347.9891052246094,123.42876434326172,202.75979614257812,120.32339477539062,38.37123107910156,100.99365234375,171.1300048828125
2021-01-19,350.7214660644531,124.0986328125,206.37351989746094,119.80268096923828,39.13240432739258,101.05333709716797,172.5800018310547
2021-01-20,355.574951171875,128.17604064941406,213.90611267089844,118.00614166259766,39.68526077270508,101.0959701538086,175.38999938964844
2021-01-21,355.899169921875,132.87477111816406,214.5067596435547,117.0167465209961,38.54750061035156,100.95101165771484,175.27999877929688
2021-01-22,354.639404296875,135.01055908203125,215.4412384033203,116.1141357421875,38.002662658691406,101.10447692871094,173.89999389648438
2021-01-25,356.0380554199219,138.7481231689453,218.8546905517578,114.6647720336914,37.57801055908203,101.51372528076172,174.0500030517578
2021-01-26,355.48236083984375,138.9811248779297,221.5244598388672,114.1961441040039,36.75273132324219,101.47965240478516,173.6199951171875
2021-01-27,346.7941589355469,137.9132537841797,222.0679473876953,110.96760559082031,36.33608627319336,101.59900665283203,172.52000427246094
2021-01-28,349.77667236328125,133.0883026123047,227.81753540039062,112.92034149169922,36.904972076416016,101.33470153808594,172.67999267578125
2021-01-29,342.7742919921875,128.10806274414062,221.1717071533203,111.67060852050781,35.927459716796875,101.15565490722656,172.61000061035156
2021-02-01,348.4800109863281,130.22439575195312,228.50401306152344,112.49508666992188,35.99155807495117,101.28190612792969,174.22999572753906
2021-02-02,353.4075622558594,131.0496368408203,228.3705596923828,115.95794677734375,36.56044387817383,101.0259780883789,172.11000061035156
2021-02-03,353.68548583984375,130.03028869628906,231.6981964111328,117.2857894897461,37.994651794433594,100.77855682373047,171.85000610351562
2021-02-04,357.7053527832031,133.3795623779297,230.7542724609375,119.98490905761719,38.72378158569336,100.74443054199219,168.14999389648438
2021-02-05,359.1131591796875,132.9663543701172,230.93544006347656,119.75059509277344,40.02177047729492,100.53105926513672,169.80999755859375
2021-02-08,361.7066955566406,133.1121826171875,231.19285583496094,121.62521362304688,41.74443435668945,100.57376098632812,171.52000427246094
2021-02-09,361.4658508300781,132.23716735839844,232.4324188232422,121.13919830322266,41.25553894042969,100.65054321289062,172.0800018310547
2021-02-10,361.3083190917969,131.6343536376953,231.526611328125,121.20863342285156,41.65480041503906,100.90650177001953,172.7100067138672
2021-02-11,361.8919677734375,131.38156127929688,233.11895751953125,120.87016296386719,40.6118049621582,100.82972717285156,171.2100067138672
2021-02-12,363.6795959472656,131.6148681640625,233.59568786621094,122.58858489990234,41.16590118408203,100.49697875976562,170.69000244140625
2021-02-16,363.3646545410156,129.4954376220703,232.36569213867188,125.53936004638672,42.40446472167969,99.77175903320312,168.24000549316406
2021-02-17,363.447998046875,127.21057891845703,233.37869262695312,125.92993927001953,43.06447982788086,99.84003448486328,166.3300018310547
2021-02-18,361.90118408203125,126.1119155883789,232.98683166503906,126.35517883300781,42.38816833496094,99.83151245117188,166.32000732421875
2021-02-19,361.2620544433594,126.26744842529297,230.2918243408203,128.4641571044922,42.67335891723633,99.43048858642578,167.00999450683594
2021-02-22,358.4833679199219,122.50482940673828,224.11807250976562,129.67051696777344,44.246009826660156,99.26839447021484,169.50999450683594
2021-02-23,358.91864013671875,122.36872100830078,222.9330291748047,130.7119598388672,44.85713577270508,99.34516143798828,169.1199951171875
2021-02-24,362.8736877441406,121.8728256225586,224.1563262939453,133.01187133789062,46.201629638671875,99.20870208740234,169.0
2021-02-25,354.1300048828125,117.63379669189453,218.84274291992188,131.20664978027344,45.435672760009766,97.88624572753906,165.82000732421875
2021-02-26,352.30523681640625,117.89631652832031,222.08248901367188,127.7264633178711,44.30304718017578,98.76502990722656,161.80999755859375
2021-03-01,360.8452453613281,124.24519348144531,226.44041442871094,130.61647033691406,45.957176208496094,98.65403747558594,161.52999877929688
2021-03-02,358.0294494628906,121.64923095703125,223.50645446777344,130.1912078857422,45.688289642333984,98.83332061767578,162.41000366210938
2021-03-03,353.2871398925781,118.67410278320312,217.47605895996094,132.7081298828125,46.054962158203125,98.30403137207031,160.6199951171875
2021-03-04,348.9152526855469,116.79765319824219,216.68283081054688,130.66854858398438,47.839473724365234,97.81739807128906,159.0399932861328
2021-03-05,355.3341064453125,118.05184936523438,221.33706665039062,130.97235107421875,49.648414611816406,97.68081665039062,159.13999938964844
2021-03-08,353.5650329589844,113.13224792480469,217.31358337402344,132.7081298828125,49.59952926635742,97.29661560058594,157.49000549316406
2021-03-09,358.613037109375,117.73102569580078,223.42044067382812,131.77076721191406,48.83358383178711,97.75764465332031,160.83999633789062
2021-03-10,360.8452453613281,116.6518325805664,222.12071228027344,134.63479614257812,50.33290100097656,97.96253204345703,161.66000366210938
2021-03-11,364.5038757324219,118.57688903808594,226.6219940185547,133.93182373046875,49.95805740356445,97.92840576171875,161.52000427246094
2021-03-12,364.99481201171875,117.67269897460938,225.3031463623047,135.52005004882812,50.4958610534668,97.21980285644531,161.49000549316406
2021-03-15,367.17144775390625,120.55059051513672,224.4048309326172,134.84304809570312,49.20840835571289,97.33930969238281,162.1999969482422
2021-03-16,366.7084045410156,122.08672332763672,227.17630004882812,133.2288360595703,48.16539764404297,97.32225036621094,162.35000610351562
2021-03-17,367.95880126953125,121.29922485351562,226.53598022460938,134.60006713867188,48.377262115478516,97.16004180908203,163.50999450683594
2021-03-18,362.6050720214844,117.18656158447266,220.49603271484375,136.82186889648438,46.291255950927734,96.5539321899414,162.55999755859375
2021-03-19,361.9341735839844,116.66153717041016,220.14244079589844,134.6434783935547,46.030521392822266,96.49414825439453,163.24000549316406
2021-03-22,364.82421875,119.96722412109375,225.5325164794922,131.02439880371094,45.55789566040039,96.81002044677734,163.0
2021-03-23,361.95281982421875,119.14081573486328,227.05201721191406,129.71395874023438,44.995662689208984,97.28811645507812,161.80999755859375
2021-03-24,360.1128234863281,116.75874328613281,225.02601623535156,130.7206268310547,45.908287048339844,97.41615295410156,162.3699951171875
2021-03-25,362.138671875,117.2448959350586,222.0442657470703,132.39569091796875,45.777915954589844,97.28811645507812,161.77999877929688
2021-03-26,367.9744567871094,117.84769439697266,226.0007781982422,134.60006713867188,47.024620056152344,96.96369934082031,162.24000549316406
2021-03-29,367.78857421875,118.02269744873047,224.81576538085938,132.5084991455078,46.77202606201172,96.6307601928711,160.30999755859375
2021-03-30,366.8128662109375,116.57405090332031,221.57595825195312,134.07069396972656,46.1934814453125,96.54537963867188,157.57000732421875
2021-03-31,368.2996520996094,118.7616195678711,225.322265625,132.11790466308594,45.492733001708984,96.40877532958984,159.9600067138672
2021-04-01,372.2769470214844,119.58807373046875,231.61068725585938,133.40240478515625,46.76388931274414,96.83589172363281,161.97999572753906
2021-04-05,377.620361328125,122.40760803222656,238.0328369140625,134.10952758789062,46.038665771484375,96.56254577636719,161.9199981689453
2021-04-06,377.39727783203125,122.70899963378906,236.87649536132812,133.1666717529297,45.908287048339844,97.03236389160156,163.22000122070312
2021-04-07,377.833984375,124.35211181640625,238.82608032226562,135.25311279296875,46.112003326416016,96.97257232666016,162.75999450683594
2021-04-08,379.6275329589844,126.743896484375,242.02764892578125,135.41903686523438,45.6312370300293,97.30571746826172,164.50999450683594
2021-04-09,382.3875427246094,129.31063842773438,244.51248168945312,136.43170166015625,45.52530288696289,97.04945373535156,163.27000427246094
2021-04-12,382.5270080566406,127.59944152832031,244.56976318359375,136.1436004638672,45.223819732666016,96.98966217041016,162.27999877929688
2021-04-13,383.66064453125,130.70095825195312,247.03549194335938,134.51983642578125,45.394935607910156,97.39118194580078,163.42999267578125
2021-04-14,382.35040283203125,128.3675537109375,244.26397705078125,132.00564575195312,46.70683670043945,97.27155303955078,162.72000122070312
2021-04-15,386.4577331542969,130.76901245117188,248.00070190429688,132.8437042236328,46.42979431152344,97.89514923095703,165.35000610351562
2021-04-16,387.7495422363281,130.43846130371094,249.185791015625,133.83018493652344,46.16904067993164,97.63033294677734,166.35000610351562
2021-04-19,385.844482421875,131.09959411621094,247.27438354492188,133.2627410888672,46.022369384765625,97.5278091430664,165.88999938964844
2021-04-20,383.01947021484375,129.4176025390625,246.8156280517578,130.31199645996094,45.052703857421875,97.81827545166016,166.47999572753906
2021-04-21,386.6436767578125,129.7967529296875,249.03285217285156,131.42068481445312,45.6312370300293,97.8694839477539,168.1300048828125
2021-04-22,383.1123352050781,128.28005981445312,245.77394104003906,128.65333557128906,45.036407470703125,97.94642639160156,167.0399932861328
2021-04-23,387.2662353515625,130.59405517578125,249.5775909423828,131.1151580810547,45.28086853027344,97.81827545166016,166.39999389648438
2021-04-26,388.0746765136719,130.98294067382812,249.95993041992188,131.43817138671875,45.37049102783203,97.71571350097656,166.83999633789062
2021-04-27,387.9911193847656,130.6620635986328,250.36122131347656,132.04055786132812,45.96533203125,97.33135223388672,166.4199981689453
2021-04-28,387.87957763671875,129.87457275390625,243.27963256835938,132.89605712890625,47.35056686401367,97.45951080322266,166.91000366210938
2021-04-29,390.35137939453125,129.77732849121094,241.32041931152344,135.4801483154297,48.026885986328125,97.28862762451172,166.22000122070312
2021-04-30,387.78656005859375,127.81339263916016,241.00509643554688,134.27540588378906,46.64165115356445,97.37403869628906,165.66000366210938
2021-05-03,388.6229553222656,128.86338806152344,240.69924926757812,133.88255310058594,47.92910385131836,97.53990936279297,167.80999755859375
2021-05-04,386.2254333496094,124.30351257324219,236.8096160888672,135.73330688476562,48.2305908203125,97.66809844970703,166.5800018310547
2021-05-05,386.34625244140625,124.54658508300781,235.54808044433594,137.5142059326172,49.68102264404297,97.78780364990234,167.27000427246094
2021-05-06,389.43145751953125,126.14109802246094,238.66360473632812,140.2816162109375,50.153621673583984,97.83048248291016,170.05999755859375
2021-05-07,392.26568603515625,126.81309509277344,241.27264404296875,140.76174926757812,50.87068176269531,97.8647232055664,171.58999633789062
2021-05-10,388.38134765625,123.54073333740234,236.2266387939453,140.7442626953125,50.992919921875,97.66809844970703,172.11000061035156
2021-05-11,384.9151916503906,122.6252670288086,235.31874084472656,138.40464782714844,49.371368408203125,97.5057144165039,172.13999938964844
2021-05-12,376.7375793457031,119.56717681884766,228.4091339111328,137.45310974121094,49.63591766357422,97.03557586669922,170.42999267578125
2021-05-13,381.2631530761719,121.70977783203125,232.2605438232422,140.98875427246094,49.02415084838867,97.36040496826172,171.1300048828125
2021-05-14,387.1175231933594,124.12508392333984,237.15365600585938,143.179931640625,50.23942184448242,97.57410430908203,172.69000244140625
2021-05-17,386.1324768066406,122.97586822509766,234.3152618408203,143.75611877441406,51.41336441040039,97.48008728027344,174.6999969482422
2021-05-18,382.80572509765625,121.59291076660156,232.308349609375,141.73074340820312,49.95834732055664,97.48008728027344,175.0399932861328
2021-05-19,381.8020935058594,121.43708801269531,232.883056640625,140.64825439453125,48.75960922241211,97.18941497802734,175.16000366210938
2021-05-20,385.9094543457031,123.98873138427734,236.10157775878906,140.40383911132812,48.643863677978516,97.59117889404297,175.9600067138672
2021-05-21,385.5936279296875,122.15774536132812,234.8467254638672,142.0014190673828,48.71000671386719,97.62537384033203,176.0399932861328
2021-05-24,389.52435302734375,123.7842025756836,240.2205352783203,142.7696533203125,49.280433654785156,97.7193832397461,176.35000610351562
2021-05-25,388.66009521484375,123.58944702148438,241.1209716796875,141.29429626464844,48.164371490478516,98.07843017578125,177.9499969482422
2021-05-26,389.43145751953125,123.54073333740234,240.90065002441406,141.2767791748047,48.726539611816406,97.96730041503906,177.63999938964844
2021-05-27,389.63592529296875,122.01168060302734,238.8124542236328,143.47674560546875,48.412384033203125,97.79634094238281,177.7100067138672
2021-05-28,390.33282470703125,121.35916137695312,239.16680908203125,143.3807373046875,48.25531768798828,97.78780364990234,178.3800048828125
2021-06-01,389.9890441894531,121.03777313232422,236.98284912109375,144.96087646484375,49.98314666748047,97.76984405517578,177.89999389648438
2021-06-02,390.6023864746094,121.79743194580078,236.88710021972656,144.9695587158203,50.37997055053711,97.88102722167969,178.77000427246094
2021-06-03,389.1526794433594,120.31708526611328,235.364013671875,145.0656280517578,50.57837677001953,97.63294982910156,175.27000427246094
2021-06-04,392.71173095703125,122.60578918457031,240.2300567626953,145.3013153076172,50.80158996582031,98.17185974121094,177.16000366210938
2021-06-07,392.33074951171875,122.61553192138672,243.12294006347656,144.620361328125,50.47090148925781,98.0948486328125,177.8699951171875
2021-06-08,392.4144592285156,123.43357849121094,241.93515014648438,144.04420471191406,51.36376190185547,98.37714385986328,177.32000732421875
2021-06-09,391.8290100097656,123.81343078613281,242.91220092773438,142.245849609375,51.79365539550781,98.6850814819336,176.97999572753906
2021-06-10,393.650390625,122.8200454711914,246.40850830078125,140.02845764160156,51.876319885253906,99.03578186035156,177.74000549316406
2021-06-11,394.3008117675781,124.0276870727539,247.03118896484375,139.93240356445312,51.396820068359375,98.89038848876953,175.74000549316406
2021-06-14,395.1837158203125,127.07605743408203,248.94692993164062,137.55787658691406,51.31415557861328,98.58243560791016,174.7100067138672
2021-06-15,394.4588317871094,126.25794219970703,247.48133850097656,135.47140502929688,53.182533264160156,98.59956359863281,174.0500030517578
2021-06-16,392.25640869140625,126.75464630126953,246.54261779785156,136.42298889160156,52.99238204956055,97.92378997802734,171.11000061035156
2021-06-17,392.1263427734375,128.35186767578125,249.91444396972656,132.4857635498047,51.24801254272461,98.27448272705078,165.85000610351562
2021-06-18,386.8363952636719,127.05656433105469,248.50631713867188,129.13343811035156,49.93354034423828,98.83051300048828,164.92999267578125
2021-06-21,392.37432861328125,128.84854125976562,251.57154846191406,131.32469177246094,51.74405288696289,98.51400756835938,166.9499969482422
2021-06-22,394.4720153808594,130.4846954345703,254.3302764892578,131.13262939453125,52.736106872558594,98.6936264038086,166.25
2021-06-23,393.9965515136719,130.2120361328125,254.1003875732422,131.92706298828125,53.12466812133789,98.49691772460938,166.13999938964844
2021-06-24,396.327392578125,129.92962646484375,255.4606170654297,133.1405029296875,53.33960723876953,98.47981262207031,166.0399932861328
2021-06-25,397.73516845703125,129.6374053955078,253.86094665527344,134.4849395751953,53.455345153808594,98.27448272705078,166.58999633789062
2021-06-28,398.5369567871094,131.2638397216797,257.4051208496094,134.72938537597656,52.09126663208008,98.58243560791016,166.5800018310547
2021-06-29,398.7514343261719,132.77342224121094,259.9722595214844,134.5634765625,51.76885223388672,98.63375091552734,164.8300018310547
2021-06-30,399.08697509765625,133.38699340820312,259.493408203125,135.78567504882812,52.149131774902344,98.7877197265625,165.6300048828125
2021-07-01,401.29656982421875,133.6889190673828,260.163818359375,137.1300811767578,52.297943115234375,98.71669006347656,166.1999969482422
2021-07-02,404.36395263671875,136.3087615966797,265.95904541015625,136.9983367919922,52.223541259765625,99.07617950439453,167.2899932861328
2021-07-06,403.6273498535156,138.31500244140625,265.96875,134.69798278808594,50.73545455932617,99.59830474853516,168.1199951171875
2021-07-07,405.0538024902344,140.7984619140625,268.14306640625,134.8560028076172,49.94180679321289,99.88933563232422,168.75999450683594
2021-07-08,401.75347900390625,139.50315856933594,265.73876953125,132.52926635742188,49.718597412109375,100.14612579345703,168.64999389648438
2021-07-09,406.0420837402344,141.32435607910156,266.23687744140625,136.7700958251953,50.61970138549805,99.64111328125,169.2100067138672
2021-07-12,407.4964904785156,140.7302703857422,265.64300537109375,138.72808837890625,50.57011032104492,99.58972930908203,169.0
2021-07-13,406.1073303222656,141.84051513671875,269.14892578125,136.66473388671875,50.33036422729492,99.28160095214844,169.22000122070312
2021-07-14,406.71343994140625,145.25897216796875,270.6144714355469,136.19940185546875,49.21429443359375,99.70956420898438,171.0399932861328
2021-07-15,405.32421875,144.60643005371094,269.19677734375,136.49789428710938,48.73480224609375,100.12899780273438,171.07000732421875
2021-07-16,402.1449890136719,142.5709686279297,268.9285888671875,133.38095092773438,47.387264251708984,100.11187744140625,169.41000366210938
2021-07-19,396.2061767578125,138.73373413085938,265.3460998535156,129.0435028076172,45.758636474609375,100.96780395507812,169.61000061035156
2021-07-20,401.884033203125,142.3372344970703,267.5587463378906,131.4492645263672,46.2629280090332,100.83943176269531,169.38999938964844
2021-07-21,405.1377258300781,141.6068115234375,269.5511779785156,134.2150421142578,47.75101089477539,100.25738525390625,168.75999450683594
2021-07-22,405.9861755371094,142.9702911376953,274.09161376953125,132.5204620361328,47.213653564453125,100.4885025024414,169.08999633789062
2021-07-23,410.1629333496094,144.684326171875,277.4729919433594,132.2658233642578,47.15577697753906,100.33444213867188,168.55999755859375
2021-07-26,411.1698303222656,145.1031494140625,276.8790588378906,133.1526336669922,48.346248626708984,100.26596069335938,168.16000366210938
2021-07-27,409.2958984375,142.9410400390625,274.47479248046875,132.97702026367188,47.80889129638672,100.69390869140625,168.44000244140625
2021-07-28,409.1280517578125,141.1977081298828,274.16827392578125,133.19650268554688,48.131309509277344,100.77952575683594,169.2899932861328
2021-07-29,410.8249816894531,141.84051513671875,274.43646240234375,134.33798217773438,48.71826171875,100.47138214111328,171.1699981689453
2021-07-30,408.82977294921875,142.05479431152344,272.9134216308594,133.26678466796875,47.59394073486328,100.75382232666016,169.82000732421875
2021-08-02,407.9718933105469,141.72369384765625,272.82720947265625,132.73118591308594,47.602210998535156,101.19580078125,169.61000061035156
2021-08-03,411.2910461425781,143.51568603515625,275.03033447265625,134.2414093017578,48.114768981933594,101.22148132324219,169.49000549316406
2021-08-04,409.26788330078125,143.1163330078125,274.44610595703125,132.7926788330078,46.990440368652344,101.19580078125,169.52999877929688
2021-08-05,411.85968017578125,143.22349548339844,277.329345703125,134.46966552734375,47.28805923461914,100.82750701904297,168.86000061035156
2021-08-06,412.5403137207031,142.540771484375,277.2718505859375,138.2891082763672,47.83368682861328,100.23654174804688,164.63999938964844
2021-08-09,412.2047424316406,142.4919891357422,276.18939208984375,138.1398162841797,47.28805923461914,100.02237701416016,161.72000122070312
2021-08-10,412.71746826171875,142.0140380859375,274.3789978027344,139.8343963623047,48.09823989868164,99.83396911621094,161.77000427246094
2021-08-11,413.74298095703125,142.26760864257812,274.8675537109375,141.50267028808594,48.23877716064453,99.94528198242188,164.0
2021-08-12,414.98297119140625,145.2230224609375,277.6070861816406,142.05581665039062,48.129676818847656,99.842529296875,164.0399932861328
2021-08-13,415.7381896972656,145.4278564453125,280.5190734863281,140.46658325195312,47.64292907714844,100.41636657714844,166.38999938964844
2021-08-16,416.7171325683594,147.39810180664062,282.19537353515625,139.54464721679688,46.94636535644531,100.6390380859375,167.22000122070312
2021-08-17,413.9853820800781,146.49099731445312,280.7393493652344,137.85885620117188,46.62746810913086,100.58767700195312,166.97000122070312
2021-08-18,409.45428466796875,142.7553253173828,279.0215148925781,136.60325622558594,45.645572662353516,100.53628540039062,167.10000610351562
2021-08-19,410.0883483886719,143.08697509765625,284.8182067871094,135.4618377685547,44.25244903564453,100.75894927978516,166.61000061035156
2021-08-20,413.3515319824219,144.54022216796875,292.1025390625,135.8481903076172,44.26083755493164,100.66474914550781,166.6999969482422
2021-08-23,416.9874572753906,146.02284240722656,292.3808898925781,137.58663940429688,46.081974029541016,100.69046020507812,168.72999572753906
2021-08-24,417.6494140625,145.9350128173828,290.4327087402344,138.43832397460938,46.459617614746094,100.41636657714844,168.64999389648438
2021-08-25,418.5257873535156,144.70603942871094,289.8471984863281,141.29190063476562,46.54354476928711,100.02237701416016,167.47999572753906
2021-08-26,416.0551452636719,143.90628051757812,287.04473876953125,142.02066040039062,45.914119720458984,100.02237701416016,167.6699981689453
2021-08-27,419.7751159667969,144.94015502929688,287.64947509765625,143.16212463378906,46.80369567871094,100.34784698486328,170.19000244140625
2021-08-30,421.62109375,149.34886169433594,291.3635559082031,140.87051391601562,46.29176712036133,100.54484558105469,169.35000610351562
2021-08-31,420.9963684082031,148.090576171875,289.7224426269531,140.44027709960938,45.75466537475586,100.35640716552734,169.69000244140625
2021-09-01,421.2202453613281,148.7538604736328,289.6745300292969,140.23831176757812,45.125247955322266,100.3992919921875,169.6999969482422
2021-09-02,422.5161437988281,149.86573791503906,289.0218200683594,140.8880157470703,46.22462463378906,100.51924896240234,169.25
2021-09-03,422.41351318359375,150.49977111816406,289.01226806640625,140.03636169433594,46.04838562011719,100.27928924560547,171.05999755859375
2021-09-07,420.9031982421875,152.83090209960938,288.09100341796875,139.79052734375,45.77983474731445,99.88504028320312,167.7100067138672
2021-09-08,420.3904724121094,151.28977966308594,288.11981201171875,139.16714477539062,45.36023712158203,100.15929412841797,167.2899932861328
2021-09-09,418.5910339355469,150.275390625,285.2789611816406,139.77294921875,45.393798828125,100.44212341308594,168.02999877929688
2021-09-10,415.29071044921875,145.301025390625,283.8008728027344,138.16619873046875,45.30147933959961,100.12501525878906,167.17999267578125
2021-09-13,416.3534851074219,145.8667755126953,285.0294189453125,140.36123657226562,46.46800231933594,100.24500274658203,167.74000549316406
2021-09-14,414.10662841796875,144.4719696044922,287.7166442871094,137.91156005859375,45.805023193359375,100.62213897705078,168.82000732421875
2021-09-15,417.5655517578125,145.3595428466797,292.54412841796875,138.8685760498047,47.34919357299805,100.4506607055664,167.8300018310547
2021-09-16,416.9035339355469,145.12547302246094,292.9278869628906,138.80712890625,46.84566116333008,100.13359069824219,164.02999877929688
2021-09-17,412.84246826171875,142.4627227783203,287.79339599609375,138.4471435546875,46.29176712036133,99.8421630859375,163.77000427246094
2021-09-20,405.958740234375,139.41954040527344,282.44775390625,134.30287170410156,45.05810546875,100.34783172607422,164.94000244140625
2021-09-21,405.57513427734375,139.89749145507812,282.9275817871094,134.3204345703125,45.016151428222656,100.287841796875,166.0399932861328
2021-09-22,409.5315246582031,142.25790405273438,286.5553283691406,136.89305114746094,46.3337287902832,100.38211822509766,165.4199981689453
2021-09-23,414.5072937011719,143.21376037597656,287.495849609375,141.5202178955078,47.90309143066406,99.47362518310547,163.50999450683594
2021-09-24,415.1901550292969,143.30154418945312,287.2943115234375,143.15333557128906,48.331085205078125,99.17366027832031,163.3000030517578
2021-09-27,414.0022888183594,141.7897186279297,282.32293701171875,146.61277770996094,49.766178131103516,98.90796661376953,163.63999938964844
2021-09-28,405.6593933105469,138.41494750976562,272.10186767578125,145.8225555419922,50.286495208740234,98.53084564208984,162.0500030517578
2021-09-29,406.3421936035156,139.31227111816406,272.5625915527344,145.7084197998047,50.2529296875,98.63368225097656,161.32000732421875
2021-09-30,401.3757019042969,138.01504516601562,270.56634521484375,143.72409057617188,49.36334991455078,98.75367736816406,164.22000122070312
2021-10-01,406.145751953125,139.13668823242188,277.4571533203125,146.7444610595703,51.134117126464844,99.15679931640625,164.58999633789062
2021-10-04,400.9079895019531,135.71316528320312,271.7083435058594,146.58644104003906,51.79710006713867,99.03669738769531,165.36000061035156
2021-10-05,405.0794982910156,137.63462829589844,277.1308898925781,148.98023986816406,51.713172912597656,98.72793579101562,164.58999633789062
2021-10-06,406.7630310058594,138.502685546875,281.3056335449219,149.29820251464844,50.764854431152344,98.75367736816406,165.02999877929688
2021-10-07,410.2798156738281,139.7609405517578,282.9756164550781,150.2433319091797,50.907527923583984,98.359130859375,164.16000366210938
2021-10-08,409.5315246582031,139.38050842285156,282.9756164550781,150.3582000732422,52.183143615722656,98.14473724365234,164.22999572753906
2021-10-11,406.566650390625,139.29278564453125,282.3805236816406,147.19595336914062,51.66282653808594,97.90457153320312,163.9199981689453
2021-10-12,405.5658264160156,138.0247802734375,281.0849609375,146.0652618408203,51.3942756652832,98.35055541992188,164.66000366210938
2021-10-13,407.02490234375,137.43955993652344,284.37677001953125,142.21400451660156,51.25160598754883,98.53922271728516,167.58999633789062
2021-10-14,413.8712463378906,140.2193603515625,290.557373046875,144.39576721191406,52.03208541870117,98.77082061767578,168.0
2021-10-15,417.0232849121094,141.2727508544922,291.9586181640625,147.16940307617188,52.527225494384766,98.28194427490234,165.3300018310547
2021-10-18,418.2579040527344,142.94064331054688,294.9145812988281,147.11639404296875,52.50204849243164,98.14473724365234,164.9199981689453
2021-10-19,421.4846496582031,145.09620666503906,295.8166809082031,148.90074157714844,53.29092025756836,97.7930679321289,165.4499969482422
2021-10-20,423.1402282714844,145.5839080810547,295.02978515625,150.9058380126953,53.584651947021484,97.75018310546875,166.89999389648438
2021-10-21,424.2437744140625,145.79847717285156,298.24481201171875,149.72222900390625,52.611141204833984,97.49288940429688,166.75
2021-10-22,423.8042297363281,145.02793884277344,296.70928955078125,151.73617553710938,52.97201919555664,97.74160766601562,167.77000427246094
2021-10-25,426.0769958496094,144.97914123535156,295.7208251953125,150.9941864013672,54.00426483154297,97.8616714477539,168.92999267578125
2021-10-26,426.46044921875,145.64244079589844,297.6210632324219,151.40048217773438,55.25471115112305,97.98173522949219,167.67999267578125
2021-10-27,424.5711669921875,145.18399047851562,310.15509033203125,148.2471160888672,53.81964111328125,98.53067779541016,168.1199951171875
2021-10-28,428.6678161621094,148.81236267089844,311.2875671386719,150.4818878173828,53.9706916809082,98.2733383178711,168.0800018310547
2021-10-29,429.5376892089844,146.11061096191406,318.2647705078125,150.0666961669922,54.10497283935547,98.31625366210938,166.64999389648438
2021-11-01,430.27655029296875,145.2913055419922,316.1053466796875,149.9871826171875,55.0784797668457,98.30851745605469,167.52000427246094
2021-11-02,432.01617431640625,146.3251953125,319.7139587402344,150.5790252685547,54.39870071411133,98.54886627197266,167.16000366210938
2021-11-03,434.65374755859375,147.75897216796875,320.5489501953125,150.6320343017578,53.651790618896484,98.2398681640625,165.77000427246094
2021-11-04,436.70208740234375,147.2420196533203,322.89068603515625,148.6533660888672,54.054622650146484,98.77201080322266,167.64999389648438
2021-11-05,438.21728515625,147.76951599121094,322.5259094238281,148.44139099121094,54.5665397644043,99.31273651123047,169.83999633789062
2021-11-08,438.59136962890625,146.94898986816406,323.41851806640625,149.3335418701172,55.15401840209961,98.88360595703125,170.4499969482422
2021-11-09,437.1416931152344,147.31040954589844,322.42034912109375,148.20289611816406,55.69111251831055,99.33848571777344,171.2899932861328
2021-11-10,433.62493896484375,144.48745727539062,317.47772216796875,148.06155395507812,54.593971252441406,98.48876190185547,173.14999389648438
2021-11-11,433.76519775390625,144.43861389160156,319.0421142578125,148.052734375,54.69601821899414,98.17121124267578,174.1199951171875
2021-11-12,437.0386962890625,146.50941467285156,323.159423828125,147.39027404785156,54.279273986816406,98.37718963623047,174.4499969482422
2021-11-15,437.1884460449219,146.5191650390625,322.5355224609375,147.12527465820312,54.74706268310547,97.9909439086914,174.17999267578125
2021-11-16,438.918701171875,147.49598693847656,325.83697509765625,146.0652618408203,55.299869537353516,97.90509796142578,172.9199981689453
2021-11-17,437.8525390625,149.92820739746094,326.0581359863281,145.2791290283203,54.69601821899414,98.25702667236328,174.5
2021-11-18,439.33966064453125,154.20652770996094,328.1252746582031,144.02479553222656,54.10066223144531,98.317138671875,173.94000244140625
2021-11-19,438.55401611328125,156.8243408203125,329.8944091796875,142.14334106445312,51.60018539428711,98.58317565917969,172.61000061035156
2021-11-22,437.31939697265625,157.28346252441406,326.7407531738281,145.17311096191406,52.314605712890625,97.86223602294922,168.74000549316406
2021-11-23,437.8992919921875,157.66441345214844,324.6736145019531,148.64454650878906,53.69242477416992,97.45880126953125,167.27999877929688
2021-11-24,439.0683898925781,158.18212890625,324.89471435546875,147.4785614013672,53.990116119384766,97.75921630859375,167.1199951171875
2021-11-26,429.2757568359375,153.171142578125,316.9817810058594,143.03549194335938,52.09347915649414,99.02091217041016,166.85000610351562
2021-11-29,434.5414733886719,156.5215606689453,323.6640319824219,142.41717529296875,52.38264465332031,98.79773712158203,166.6199951171875
2021-11-30,426.08642578125,161.46414184570312,317.856689453125,140.29721069335938,50.894264221191406,99.38998413085938,165.5
2021-12-01,421.353759765625,160.9464569091797,317.36627197265625,139.46694946289062,50.85173416137695,99.57718658447266,166.16000366210938
2021-12-02,427.8073425292969,159.95989990234375,316.7990417480469,142.39950561523438,52.11899185180664,99.36248016357422,165.24000549316406
2021-12-03,424.0848388671875,158.08445739746094,310.5686950683594,139.8202362060547,51.78729248046875,99.94657897949219,166.6300048828125
2021-12-06,429.107421875,161.4836883544922,313.626220703125,141.4720001220703,52.374141693115234,99.44837188720703,166.22000122070312
2021-12-07,437.9834289550781,167.2076873779297,322.0198974609375,143.60079956054688,52.96099090576172,99.07044219970703,166.80999755859375
2021-12-08,439.1431884765625,171.01718139648438,322.0680236816406,141.9578399658203,53.11408233642578,98.75263214111328,166.89999389648438
2021-12-09,436.1783142089844,170.50924682617188,320.2699890136719,141.73699951171875,53.250160217285156,99.00173950195312,165.8800048828125
2021-12-10,440.28424072265625,175.28578186035156,329.3464050292969,141.1716766357422,53.590362548828125,99.07044219970703,166.5800018310547
2021-12-13,436.384033203125,171.66188049316406,326.327392578125,139.493408203125,52.41666793823242,99.54286193847656,167.0
2021-12-14,433.3817443847656,170.2846221923828,315.6933288574219,140.562255859375,52.34012222290039,99.37109375,165.44000244140625
2021-12-15,440.15325927734375,175.1393280029297,321.7602844238281,139.5110626220703,52.110496520996094,99.2250747680664,166.14999389648438
2021-12-16,436.27178955078125,168.2626190185547,312.3858642578125,141.69287109375,52.195533752441406,99.51393127441406,168.16000366210938
2021-12-17,431.6286315917969,167.16864013671875,311.32818603515625,138.46873474121094,51.05585479736328,99.73748779296875,167.8000030517578
2021-12-20,427.0389404296875,165.8108673095703,307.5880432128906,135.97781372070312,50.315921783447266,99.65147399902344,167.08999633789062
2021-12-21,434.622802734375,168.9757080078125,314.6837463378906,137.87693786621094,51.45560073852539,99.25599670410156,167.02000427246094
2021-12-22,438.9683837890625,171.56422424316406,320.3661804199219,138.4157257080078,51.872352600097656,99.3505859375,168.58999633789062
2021-12-23,441.6996765136719,172.18936157226562,321.79876708984375,138.91036987304688,51.897865295410156,99.14424133300781,168.97000122070312
2021-12-27,447.9506530761719,176.1454315185547,329.2599182128906,139.7053985595703,52.63779830932617,99.17861938476562,169.3699951171875
2021-12-28,447.5846252441406,175.12950134277344,328.1060791015625,140.12937927246094,52.46769714355469,99.16146850585938,168.63999938964844
2021-12-29,448.1571960449219,175.2174530029297,328.7792053222656,140.0587158203125,52.008426666259766,98.65421295166016,168.58999633789062
2021-12-30,446.91827392578125,174.06483459472656,326.25048828125,139.98805236816406,51.702247619628906,98.98088836669922,169.8000030517578
2021-12-31,445.79193115234375,173.44944763183594,323.3659973144531,139.87318420410156,52.042442321777344,98.8691177368164,170.9600067138672
2022-01-03,448.3730773925781,177.786376953125,321.8564453125,142.83230590820312,54.041133880615234,97.94923400878906,168.3300018310547
2022-01-04,448.222900390625,175.53001403808594,316.33758544921875,148.2471160888672,56.07384490966797,97.89762878417969,169.57000732421875
2022-01-05,439.6160888671875,170.86093139648438,304.1939697265625,145.5367889404297,56.7712516784668,97.4849853515625,169.05999755859375
2022-01-06,439.2030334472656,168.00863647460938,301.79034423828125,147.08299255371094,58.1065559387207,97.24420166015625,166.99000549316406
2022-01-07,437.46673583984375,168.17474365234375,301.9441833496094,148.5403289794922,58.582828521728516,96.92615509033203,167.75
2022-01-10,436.9222412109375,168.1942901611328,302.165283203125,148.6824951171875,58.23413848876953,96.90034484863281,168.25999450683594
2022-01-11,440.9019775390625,171.01718139648438,302.847900390625,148.8335723876953,60.68359375,97.13249206542969,170.2899932861328
2022-01-12,442.0939025878906,171.456787109375,306.0111389160156,149.67771911621094,60.50497055053711,97.14970397949219,170.74000549316406
2022-01-13,436.0024719238281,168.1942901611328,293.0600280761719,149.49111938476562,60.071205139160156,97.45915985107422,170.16000366210938
2022-01-14,436.1807861328125,169.0538330078125,298.2521057128906,140.3029327392578,61.1258430480957,96.7885971069336,169.6699981689453
2022-01-18,428.45623779296875,165.85972595214844,290.99285888671875,134.42027282714844,62.15496063232422,96.05780792236328,169.38999938964844
2022-01-19,424.0072937011719,162.37257385253906,291.6466369628906,132.34092712402344,62.18048095703125,96.28993225097656,172.0800018310547
2022-01-20,419.3143615722656,160.6925048828125,289.98333740234375,131.21240234375,62.31654357910156,96.4962387084961,171.64999389648438
2022-01-21,411.0829162597656,158.64122009277344,284.6278381347656,128.91976928710938,61.38100051879883,97.05512237548828,171.08999633789062
2022-01-24,412.82879638671875,157.86956787109375,284.9547424316406,128.8042449951172,61.90830993652344,96.96913146972656,172.02999877929688
2022-01-25,407.7884826660156,156.07223510742188,277.37823486328125,130.208251953125,63.7283821105957,96.84012603759766,172.5800018310547
2022-01-26,406.7655334472656,155.984375,285.2817077636719,131.4434051513672,63.0820198059082,96.15237426757812,169.7899932861328
2022-01-27,404.7568359375,155.52523803710938,288.29107666015625,129.12417602539062,63.88999938964844,96.55644226074219,167.60000610351562
2022-01-28,414.8091125488281,166.37744140625,296.38677978515625,130.27932739257812,64.02608489990234,96.77998352050781,167.10000610351562
2022-01-31,422.2803649902344,170.7241668701172,299.0021057128906,132.04769897460938,64.60441589355469,96.77998352050781,168.08999633789062
2022-02-01,425.1336364746094,170.55813598632812,296.8675231933594,134.3136444091797,68.74639129638672,96.649169921875,168.22999572753906
2022-02-02,429.26336669921875,171.7595672607422,301.3865051269531,133.23841857910156,68.56777954101562,96.84708404541016,168.83999633789062
2022-02-03,419.1735534667969,168.88778686523438,289.6466979980469,132.13656616210938,67.76829528808594,96.43402862548828,168.60000610351562
2022-02-04,421.14453125,168.6041717529297,294.1562194824219,135.5666046142578,69.23966217041016,95.69393920898438,168.86000061035156
2022-02-07,419.7929992675781,167.8901824951172,289.35833740234375,136.01979064941406,70.07316589355469,95.71978759765625,170.11000061035156
2022-02-08,423.2470703125,170.9905548095703,292.8293151855469,138.5789337158203,68.26158905029297,95.40998840332031,170.6300048828125
2022-02-09,429.4417724609375,172.4087371826172,299.22320556640625,139.15658569335938,67.93482208251953,95.5390625,171.2100067138672
2022-02-10,421.72650146484375,168.34010314941406,290.7332458496094,138.5789337158203,67.28125,94.66126251220703,170.55999755859375
2022-02-11,413.4106750488281,164.93650817871094,283.6759338378906,136.77511596679688,68.97534942626953,95.64234924316406,173.80999755859375
2022-02-14,412.0591125488281,165.17124938964844,283.6375427246094,135.50440979003906,67.9176254272461,94.97969055175781,174.74000549316406
2022-02-15,418.7042541503906,168.995361328125,288.8968200683594,137.48599243164062,67.06626892089844,94.69569396972656,173.0800018310547
2022-02-16,419.1735534667969,168.76068115234375,288.55963134765625,137.7348175048828,67.37586212158203,94.89364624023438,174.86000061035156
2022-02-17,410.2193908691406,165.17124938964844,280.1100158691406,134.56243896484375,67.27267456054688,95.40137481689453,177.25
2022-02-18,407.563232421875,163.62596130371094,277.4122619628906,135.19338989257812,66.5245361328125,95.711181640625,177.1199951171875
2022-02-22,403.18939208984375,160.71141052246094,277.20989990234375,134.95346069335938,65.7505874633789,95.70257568359375,177.49000549316406
2022-02-23,396.03741455078125,156.55471801757812,270.0320739746094,132.12767028808594,66.01715850830078,95.20340728759766,178.2899932861328
2022-02-24,401.9974365234375,159.1660919189453,283.8290100097656,128.44882202148438,65.18302154541016,95.42717742919922,177.13999938964844
2022-02-25,410.8670959472656,161.2297821044922,286.4496154785156,131.4878692626953,66.93730926513672,95.40137481689453,176.5500030517578
2022-02-28,409.8158874511719,161.4938201904297,287.8755798339844,126.00511932373047,67.43605041503906,96.48567199707031,178.3800048828125
2022-03-01,403.5742492675781,159.61599731445312,284.17584228515625,121.25103759765625,68.08101654052734,97.42538452148438,181.6199951171875
2022-03-02,410.99847412109375,162.9022216796875,289.22442626953125,123.76580810546875,69.2505111694336,95.96109771728516,179.72999572753906
2022-03-03,408.95233154296875,162.57943725585938,285.1104431152344,122.88609313964844,69.68910217285156,96.37454223632812,180.8000030517578
2022-03-04,405.6297302246094,159.58663940429688,279.271728515625,119.42941284179688,72.3118667602539,97.33064270019531,183.67999267578125
2022-03-07,393.6720886230469,155.80160522460938,268.7217712402344,114.81749725341797,74.91749572753906,96.9172134399414,186.41000366210938
2022-03-08,390.6875,153.9824981689453,265.77349853515625,114.00887298583984,75.48504638671875,96.28844451904297,191.50999450683594
2022-03-09,401.162109375,159.37144470214844,277.9614562988281,118.57632446289062,71.19397735595703,95.69410705566406,185.82000732421875
2022-03-10,399.3505554199219,155.03875732421875,275.1577453613281,117.17232513427734,73.40400695800781,95.25483703613281,186.39999389648438
2022-03-11,394.2728576660156,151.3319549560547,269.8393859863281,114.53314971923828,73.02562713623047,95.22901153564453,185.08999633789062
2022-03-14,391.3913879394531,147.3122100830078,266.3419189453125,115.67057037353516,70.41143035888672,94.02313995361328,182.3000030517578
2022-03-15,399.9981994628906,151.68408203125,276.6607360839844,117.72328186035156,66.40412902832031,93.98007202148438,178.88999938964844
2022-03-16,408.8678894042969,156.0852813720703,283.63629150390625,122.98384094238281,66.15474700927734,93.85083770751953,180.00999450683594
2022-03-17,413.9831848144531,157.0926513671875,284.4359436035156,124.53892517089844,67.9176254272461,93.66999053955078,180.88999938964844
2022-03-18,418.5174560546875,160.3788604736328,289.45562744140625,124.49445343017578,67.65103912353516,93.94561004638672,179.3000030517578
2022-03-21,418.39508056640625,161.7481231689453,288.23199462890625,124.0946044921875,70.68660736083984,92.72249603271484,180.6699981689453
2022-03-22,423.2908935546875,165.112548828125,292.9530029296875,126.73377227783203,70.37703704833984,92.21431732177734,179.36000061035156
2022-03-23,417.8395690917969,166.4720458984375,288.5499572753906,124.21013641357422,71.48635864257812,92.83448028564453,181.80999755859375
2022-03-24,424.1382141113281,170.24729919433594,292.9915466308594,125.01876831054688,71.70133209228516,92.31766510009766,183.1300048828125
2022-03-25,426.2095642089844,170.88304138183594,292.5869445800781,126.11174774169922,73.26641845703125,91.3702163696289,182.3800048828125
2022-03-28,429.2412109375,171.74368286132812,299.3504943847656,125.17872619628906,71.21116638183594,91.57694244384766,179.05999755859375
2022-03-29,434.55126953125,175.02989196777344,303.8884582519531,125.45416259765625,70.83279418945312,92.03343200683594,179.13999938964844
2022-03-30,431.8680725097656,173.86599731445312,302.39508056640625,124.8854751586914,72.0452880859375,92.39521026611328,180.5800018310547
2022-03-31,425.22100830078125,170.7754364013672,297.0478515625,121.13554382324219,71.02198028564453,92.56743621826172,180.64999389648438
2022-04-01,426.4261474609375,170.4820098876953,298.1172790527344,120.238037109375,71.47774505615234,91.96473693847656,179.5
2022-04-04,430.0791015625,174.52130126953125,303.4645080566406,120.77120208740234,71.51216125488281,91.90435791015625,180.3699951171875
2022-04-05,424.6466369628906,171.2154998779297,299.5239562988281,119.36573028564453,71.14238739013672,90.80921936035156,179.24000549316406
2022-04-06,420.4004211425781,168.0564727783203,288.55963134765625,117.70964050292969,71.93352508544922,90.49015808105469,179.66000366210938
2022-04-07,422.5188903808594,168.35964965820312,290.3612365722656,117.35153198242188,73.13742065429688,90.2659912109375,180.33999633789062
2022-04-08,421.3890686035156,166.35467529296875,286.1220397949219,119.5000228881836,74.67671966552734,89.8089599609375,181.47000122070312
2022-04-11,414.1865539550781,162.1099853515625,274.8397521972656,119.0613784790039,72.10550689697266,89.3778076171875,182.3699951171875
2022-04-12,412.6518859863281,163.97804260253906,271.7567138671875,117.75437927246094,73.61039733886719,89.8089599609375,183.77000427246094
2022-04-13,417.37823486328125,166.65782165527344,277.11358642578125,113.95874786376953,74.65089416503906,90.00729370117188,184.64999389648438
2022-04-14,412.18109130859375,161.66006469726562,269.60809326171875,112.90242767333984,75.52803802490234,89.19672393798828,184.0399932861328
2022-04-18,412.3505859375,161.44488525390625,270.27288818359375,114.9971923828125,76.1471939086914,88.93803405761719,184.61000061035156
2022-04-19,419.0070495605469,163.72373962402344,274.8783264160156,117.37841033935547,75.46784210205078,88.35167694091797,181.82000732421875
2022-04-20,418.6963195800781,163.5574493408203,275.899658203125,117.79020690917969,75.63982391357422,89.04150390625,182.7100067138672
2022-04-21,412.4353332519531,162.7652587890625,270.5523376464844,116.87706756591797,74.84008026123047,88.54998016357422,182.05999755859375
2022-04-22,401.1184387207031,158.2369384765625,264.0199890136719,113.52010345458984,73.20620727539062,88.59308624267578,180.2899932861328
2022-04-25,403.4440002441406,159.3030242919922,270.4656066894531,113.48429107666016,70.73820495605469,89.16223907470703,177.0500030517578
2022-04-26,391.7599182128906,153.3565216064453,260.3492126464844,110.1272964477539,70.76402282714844,89.7572021484375,177.32000732421875
2022-04-27,392.8614807128906,153.13160705566406,272.87432861328125,108.6949691772461,72.78483581542969,89.25708770751953,175.97999572753906
2022-04-28,402.784912109375,160.0463409423828,279.0501403808594,110.41376495361328,74.98626708984375,89.12776184082031,176.92999267578125
2022-04-29,387.8997802734375,154.1878662109375,267.38250732421875,106.8508529663086,73.30940246582031,88.65348052978516,176.91000366210938
2022-05-02,390.23468017578125,154.4910888671875,274.07867431640625,107.8266372680664,74.30693054199219,87.99300384521484,173.6300048828125
2022-05-03,392.0235900878906,155.97764587402344,271.4869384765625,110.13623809814453,75.8376235961914,88.09661102294922,174.08999633789062
2022-05-04,403.9617614746094,162.37405395507812,279.3874206542969,113.77970886230469,78.85598754882812,88.66639709472656,175.8000030517578
2022-05-05,389.6038818359375,153.3272247314453,267.21868896484375,110.93296813964844,77.66067504882812,87.77714538574219,175.1300048828125
2022-05-06,387.2782897949219,154.05203247070312,264.6944580078125,110.75392150878906,78.84739685058594,87.27642059326172,175.4199981689453
2022-05-09,374.87872314453125,148.9391632080078,254.91519165039062,109.0888671875,72.63005065917969,87.9239501953125,172.8800048828125
2022-05-10,375.744873046875,151.3388671875,259.655517578125,106.43011474609375,73.11161804199219,88.21745300292969,171.4199981689453
2022-05-11,369.7757873535156,143.4932403564453,251.03240966796875,105.75872039794922,74.6336898803711,88.7613754272461,172.82000732421875
2022-05-12,369.3898010253906,139.63409423828125,246.0223846435547,105.66920471191406,74.97250366210938,89.05492401123047,170.1699981689453
2022-05-13,378.2210693359375,144.0907745361328,251.58164978027344,106.60916137695312,77.19650268554688,88.58871459960938,168.7899932861328
2022-05-16,376.6864013671875,142.55294799804688,251.94772338867188,105.86615753173828,79.01215362548828,88.95992279052734,170.39999389648438
2022-05-17,384.4350280761719,146.17703247070312,257.0733337402344,109.37533569335938,80.01991271972656,88.28653717041016,169.3300018310547
2022-05-18,368.9378356933594,137.92982482910156,245.36892700195312,107.50435638427734,78.75154113769531,88.91680908203125,169.4199981689453
2022-05-19,366.67822265625,134.5310516357422,244.46115112304688,105.91091918945312,79.17723846435547,89.23625183105469,171.91000366210938
2022-05-20,366.8383483886719,134.76611328125,243.9010467529297,105.04255676269531,79.80272674560547,89.6506576538086,172.02999877929688
2022-05-23,373.70184326171875,140.17283630371094,251.71365356445312,111.54170227050781,81.56627655029297,89.10672760009766,172.8300018310547
2022-05-24,370.84912109375,137.479248046875,250.71902465820312,113.11727905273438,82.00932312011719,89.87509155273438,174.1300048828125
2022-05-25,374.1255187988281,137.635986328125,253.5194854736328,113.90503692626953,83.65997314453125,90.05640411376953,173.0800018310547
2022-05-26,381.6011047363281,140.82904052734375,256.7836608886719,115.87447357177734,83.9552993774414,90.01329803466797,172.75999450683594
2022-05-27,390.96905517578125,146.56881713867188,263.8719482421875,117.51268005371094,84.78062438964844,90.14275360107422,172.85000610351562
2022-05-31,388.7753601074219,145.7852020263672,262.54901123046875,118.37206268310547,83.39933013916016,89.2016830444336,171.13999938964844
2022-06-01,385.6307373046875,145.6578826904297,263.0801086425781,116.29521179199219,84.99779510498047,88.6994400024414,172.22999572753906
2022-06-02,392.97442626953125,148.1066131591797,265.1660461425781,118.16619110107422,84.8501205444336,88.82913208007812,174.35000610351562
2022-06-03,386.525146484375,142.396240234375,260.7624206542969,116.51901245117188,86.08373260498047,88.6562271118164,172.5800018310547
2022-06-06,387.7020568847656,143.14064025878906,259.5359802246094,116.13406372070312,85.86654663085938,87.99061584472656,171.82000732421875
2022-06-07,391.42095947265625,145.6578826904297,263.1573486328125,116.4384536743164,89.80195617675781,88.34504699707031,172.94000244140625
2022-06-08,387.1654052734375,144.9232940673828,261.1390686035156,114.58540344238281,90.86180877685547,88.01656341552734,172.77999877929688
2022-06-09,377.9574279785156,139.7124481201172,255.71173095703125,112.17729187011719,88.8984603881836,87.93875885009766,172.22999572753906
2022-06-10,366.998291015625,134.31556701660156,244.31631469726562,107.02098083496094,87.27391815185547,87.07434844970703,174.5399932861328
2022-06-13,353.0640869140625,129.17330932617188,233.95416259765625,103.83405303955078,83.26901245117188,85.52699279785156,169.92999267578125
2022-06-14,352.00018310546875,130.03524780273438,236.10775756835938,102.10630798339844,83.4862060546875,84.84407806396484,168.57000732421875
2022-06-15,357.0184020996094,132.65045166015625,243.12844848632812,103.31482696533203,82.43502044677734,86.02838134765625,170.77000427246094
2022-06-16,345.2024841308594,127.39065551757812,236.57125854492188,101.54234313964844,79.39441680908203,86.59022521972656,172.69000244140625
2022-06-17,345.9466552734375,128.85989379882812,239.15936279296875,101.18425750732422,74.81613159179688,86.61615753173828,171.27000427246094
2022-06-21,354.6553955078125,133.0814208984375,245.0405731201172,103.6908187866211,79.47260284423828,86.16666412353516,170.6300048828125
2022-06-22,354.01239013671875,132.57212829589844,244.4514617919922,103.10895538330078,76.32775115966797,87.25587463378906,171.30999755859375
2022-06-23,357.482666015625,135.43215942382812,249.98501586914062,101.98098754882812,74.02557373046875,87.74857330322266,170.25999450683594
2022-06-24,368.84844970703125,138.75259399414062,258.52197265625,105.024658203125,75.49375915527344,87.43739318847656,170.08999633789062
2022-06-27,367.4395446777344,138.75259399414062,255.80828857421875,104.18318176269531,77.34420013427734,86.94464874267578,169.89999389648438
2022-06-28,359.9316711425781,134.61920166015625,247.68661499023438,103.6818618774414,79.48999786376953,87.05703735351562,169.6199951171875
2022-06-29,359.6385192871094,136.37246704101562,251.33706665039062,103.21636199951172,76.55363464355469,87.75724029541016,169.49000549316406
2022-06-30,356.71673583984375,133.91400146484375,248.02464294433594,100.80828094482422,74.39913177490234,88.43146514892578,168.4600067138672
2022-07-01,360.4895935058594,136.07859802246094,250.68035888671875,102.09737396240234,76.05844116210938,89.37947845458984,168.32000732421875
2022-07-05,361.17034912109375,138.6546173095703,253.8383331298828,101.70903015136719,73.67809295654297,89.70848846435547,164.75
2022-07-06,362.39019775390625,139.98670959472656,257.08306884765625,101.04974365234375,72.34890747070312,88.94660186767578,162.13999938964844
2022-07-07,367.8177795410156,143.3463592529297,259.19793701171875,103.6055679321289,74.6597671508789,88.40118408203125,162.22999572753906
2022-07-08,367.51519775390625,144.02220153808594,258.4833679199219,103.28045654296875,74.7813949584961,87.86444091796875,162.3000030517578
2022-07-11,363.31683349609375,141.89669799804688,255.44134521484375,101.92576599121094,74.39913177490234,88.55702209472656,161.42999267578125
2022-07-12,360.1019287109375,142.8663787841797,244.9729461669922,102.02511596679688,73.40879821777344,88.7647933959961,160.8300018310547
2022-07-13,358.2107238769531,142.5039825439453,244.0555419921875,101.06780242919922,73.70413970947266,89.14570617675781,161.60000610351562
2022-07-14,357.3408203125,145.4228515625,245.36892700195312,97.53662872314453,72.22728729248047,88.65225219726562,159.3300018310547
2022-07-15,364.1678466796875,147.08792114257812,247.91842651367188,102.0070571899414,73.44351196289062,88.95525360107422,159.00999450683594
2022-07-18,361.160888671875,144.05154418945312,245.53311157226562,100.95945739746094,74.79875183105469,88.6955337524414,159.16000366210938
2022-07-19,370.9192199707031,147.90090942382812,250.6320343017578,103.46106719970703,76.68392944335938,88.28865051269531,159.5399932861328
2022-07-20,373.2831115722656,149.89903259277344,253.27809143066406,103.44300842285156,77.52661895751953,88.20203399658203,158.0399932861328
2022-07-21,377.0843505859375,152.16160583496094,255.760009765625,104.1474380493164,76.23220825195312,89.20630645751953,160.27000427246094
2022-07-22,373.5857238769531,150.92747497558594,251.43357849121094,103.6417007446289,75.65013122558594,90.22791290283203,160.6699981689453
2022-07-25,374.0396728515625,149.8108367919922,249.95606994628906,104.05712890625,78.16949462890625,89.90758514404297,160.22999572753906
2022-07-26,369.6143798828125,148.48861694335938,243.263671875,102.4315185546875,77.86544036865234,89.94219207763672,160.0399932861328
2022-07-27,379.2118835449219,153.57203674316406,259.5263366699219,104.07518005371094,79.55077362060547,90.12399291992188,161.6699981689453
2022-07-28,383.9681701660156,154.12059020996094,266.9333190917969,103.68684387207031,80.48033905029297,91.01573181152344,163.63999938964844
2022-07-29,389.56591796875,159.17465209960938,271.1148986816406,104.18356323242188,84.20726013183594,91.05034637451172,164.10000610351562
2022-08-01,388.4123229980469,158.19520568847656,268.478515625,103.14497375488281,82.07884216308594,91.58289337158203,165.02999877929688
2022-08-02,385.8497314453125,156.72598266601562,265.39788818359375,101.53742980957031,81.72264862060547,90.316650390625,164.0500030517578
2022-08-03,391.8919982910156,162.72039794921875,272.7855224609375,102.60311126708984,79.0729751586914,90.68959045410156,164.4499969482422
2022-08-04,391.6272888183594,162.4069061279297,273.9251708984375,101.47421264648438,75.7457046508789,91.14922332763672,167.1699981689453
2022-08-05,390.96533203125,162.18136596679688,273.2105407714844,104.54481506347656,76.84031677246094,89.83097839355469,165.2899932861328
2022-08-08,390.511474609375,161.71054077148438,270.7093200683594,103.27143096923828,77.27467346191406,90.36002349853516,166.69000244140625
2022-08-09,388.9607849121094,161.75955200195312,272.62139892578125,104.20162200927734,78.69942474365234,90.09115600585938,167.1999969482422
2022-08-10,397.1304931640625,165.99681091308594,279.2461853027344,106.92000579833984,79.44652557373047,90.1432113647461,166.77999877929688
2022-08-11,397.1304931640625,165.26116943359375,277.1795959472656,108.5004653930664,81.7447738647461,89.54479217529297,166.33999633789062
2022-08-12,403.8534851074219,168.80198669433594,281.9018859863281,110.29766845703125,82.45527648925781,89.900390625,167.8699951171875
2022-08-15,405.5176696777344,169.87110900878906,283.40850830078125,110.59569549560547,80.98160552978516,90.18656921386719,165.7100067138672
2022-08-16,406.3119201660156,169.71417236328125,282.67449951171875,111.65232849121094,80.22723388671875,90.08251953125,165.4199981689453
2022-08-17,403.4279479980469,171.20506286621094,281.9292907714844,110.71310424804688,80.87635803222656,89.47541046142578,164.35000610351562
2022-08-18,404.60052490234375,170.81272888183594,280.8163757324219,109.85514068603516,82.78861999511719,89.64885711669922,163.9199981689453
2022-08-19,399.16351318359375,168.23309326171875,276.9259948730469,107.13676452636719,82.52545928955078,88.87699127197266,162.72000122070312
2022-08-22,390.8518981933594,164.3588104248047,268.7967834472656,105.36665344238281,82.46405792236328,88.48675537109375,161.63999938964844
2022-08-23,389.9063415527344,164.02529907226562,267.5290222167969,104.32805633544922,85.96402740478516,88.26992797851562,162.77000427246094
2022-08-24,391.154541015625,164.31956481933594,266.8999938964844,104.58094024658203,86.4727783203125,87.97502899169922,163.25
2022-08-25,396.6766052246094,166.77166748046875,269.8612976074219,107.06451416015625,86.9201431274414,88.53875732421875,163.75
2022-08-26,383.24945068359375,160.48451232910156,259.4481201171875,103.5604019165039,85.84998321533203,88.43470001220703,161.75999450683594
2022-08-29,380.71539306640625,158.28738403320312,256.6802673339844,103.30754089355469,87.82364654541016,87.93170166015625,161.86000061035156
2022-08-30,376.535888671875,155.8647918701172,254.49317932128906,103.32560729980469,84.4815902709961,87.90567779541016,160.50999450683594
2022-08-31,373.6708679199219,154.2071075439453,253.04150390625,102.71147918701172,83.85000610351562,87.54142761230469,159.27000427246094
2022-09-01,374.84332275390625,154.9329833984375,252.0059814453125,103.4159164428711,82.34126281738281,86.84553527832031,157.8699951171875
2022-09-02,370.8908386230469,152.82415771484375,247.80592346191406,102.69340515136719,83.85000610351562,87.33203125,159.25999450683594
2022-09-06,369.491455078125,151.56871032714844,245.08651733398438,102.72052001953125,83.28861236572266,86.3589859008789,158.3300018310547
2022-09-07,376.12933349609375,152.97129821777344,249.77047729492188,104.67125701904297,82.57808685302734,86.9237060546875,159.94000244140625
2022-09-08,378.5877990722656,151.50003051757812,250.18663024902344,107.10966491699219,83.25353240966797,86.60224151611328,158.97999572753906
2022-09-09,384.4692077636719,154.3542938232422,255.9351043701172,107.62444305419922,84.64825439453125,86.6109619140625,159.82000732421875
2022-09-12,388.6014709472656,160.29811096191406,258.0545349121094,108.89784240722656,85.62191009521484,86.40241241455078,160.6300048828125
2022-09-13,371.7040710449219,150.89193725585938,243.8671112060547,105.11377716064453,83.62193298339844,85.9158935546875,158.5399932861328
2022-09-14,373.1224365234375,152.33377075195312,244.08969116210938,104.86993408203125,85.674560546875,85.95935821533203,157.92999267578125
2022-09-15,368.88623046875,149.45008850097656,237.47019958496094,106.45040130615234,83.183349609375,85.66392517089844,154.97999572753906
2022-09-16,366.07208251953125,147.8120574951172,236.85081481933594,105.7369384765625,81.76231384277344,85.73342895507812,155.83999633789062
2022-09-19,368.9109802246094,151.5196533203125,236.63790893554688,106.7122802734375,81.75352478027344,85.49020385742188,155.9600067138672
2022-09-20,364.6763610839844,153.8932647705078,234.63465881347656,104.6080322265625,81.0868911743164,84.96021270751953,155.07000732421875
2022-09-21,358.31500244140625,150.77423095703125,231.24745178222656,101.59162902832031,79.77985382080078,85.29906463623047,155.7899932861328
2022-09-22,355.3052062988281,149.81300354003906,233.2120361328125,100.43563842773438,79.44654083251953,84.0132064819336,155.6999969482422
2022-09-23,349.35223388671875,147.54722595214844,230.25062561035156,98.5661849975586,75.21851348876953,84.11747741699219,153.00999450683594
2022-09-26,345.8961181640625,147.8807373046875,229.79579162597656,96.44384765625,73.66590881347656,82.71868133544922,151.22999572753906
2022-09-27,345.0130920410156,148.85179138183594,228.78932189941406,95.59492492675781,75.2097396850586,82.15396118164062,151.5399932861328
2022-09-28,351.8017272949219,146.96856689453125,233.2991180419922,97.52760314941406,77.9465560913086,84.0045394897461,154.69000244140625
2022-09-29,344.4529724121094,139.74960327148438,229.84420776367188,95.87490844726562,77.7886734008789,83.61358642578125,154.66000366210938
2022-09-30,339.1264343261719,135.55165100097656,225.39247131347656,94.37572479248047,76.58692932128906,83.3963394165039,154.6699981689453
2022-10-03,348.07989501953125,139.7201690673828,232.9797821044922,97.29280090332031,80.6307373046875,84.38612365722656,158.42999267578125
2022-10-04,358.86566162109375,143.30023193359375,240.85736083984375,101.84449005126953,83.56930541992188,84.56016540527344,160.6999969482422
2022-10-05,358.0301818847656,143.594482421875,241.1670379638672,100.5870590209961,86.94647216796875,83.7593994140625,159.80999755859375
2022-10-06,354.3367614746094,142.64306640625,238.83473205566406,98.53685760498047,89.52538299560547,83.2979965209961,159.6300048828125
2022-10-07,344.4529724121094,137.40541076660156,226.68927001953125,96.56867218017578,88.62189483642578,82.88885498046875,157.8800048828125
2022-10-10,341.82293701171875,137.7290496826172,221.86013793945312,95.66658020019531,86.70085144042969,82.40138244628906,155.47999572753906
2022-10-11,339.6581726074219,136.31666564941406,218.14393615722656,92.9056625366211,85.96402740478516,82.61029815673828,155.16000366210938
2022-10-12,338.5378112792969,135.68893432617188,218.47291564941406,94.40911865234375,86.34120178222656,82.88016510009766,155.99000549316406
2022-10-13,347.4721984863281,140.2498321533203,226.68927001953125,99.65763092041016,89.35871124267578,82.5319595336914,154.91000366210938
2022-10-14,339.55377197265625,135.72816467285156,221.19235229492188,101.31600189208984,87.00788116455078,82.0705795288086,152.97999572753906
2022-10-17,348.2792663574219,139.68099975585938,229.8732147216797,105.5712890625,88.26223754882812,82.15765380859375,153.4199981689453
2022-10-18,352.3713684082031,140.99526977539062,230.81198120117188,108.28666687011719,88.42013549804688,82.36656188964844,153.75
2022-10-19,349.8743896484375,141.1031494140625,228.85708618164062,106.16357421875,91.04290771484375,81.50477600097656,151.69000244140625
2022-10-20,346.9405212402344,140.64218139648438,228.53773498535156,105.81731414794922,91.16571807861328,80.89544677734375,151.4499969482422
2022-10-21,355.3717346191406,144.4478302001953,234.3152618408203,111.37560272216797,92.85868835449219,81.07820129394531,154.14999389648438
2022-10-24,359.72015380859375,146.58604431152344,239.27989196777344,111.51229095458984,93.50780487060547,80.9737777709961,153.64999389648438
2022-10-25,365.46435546875,149.42062377929688,242.57998657226562,111.80387115478516,92.876220703125,81.9835433959961,154.0
2022-10-26,362.7109680175781,146.4879608154297,223.8634033203125,113.08867645263672,93.98147583007812,82.40138244628906,154.97999572753906
2022-10-27,360.77410888671875,142.02517700195312,219.44073486328125,113.5351333618164,94.34111022949219,82.98462677001953,154.74000549316406
2022-10-28,369.3572082519531,152.7554931640625,228.26670837402344,114.88372802734375,97.10424041748047,82.55806732177734,153.16000366210938
2022-10-31,366.6892395019531,150.40150451660156,224.64730834960938,114.70146179199219,97.20074462890625,82.18376922607422,151.91000366210938
2022-11-01,365.0845947265625,147.7630157470703,220.81497192382812,116.7698974609375,98.16565704345703,82.1689453125,153.4600067138672
2022-11-02,355.92242431640625,142.250732421875,213.00509643554688,115.6947021484375,96.14811706542969,82.02935791015625,152.38999938964844
2022-11-03,352.2574462890625,136.21859741210938,207.3437042236328,115.9042739868164,97.45512390136719,81.67166900634766,151.80999755859375
2022-11-04,357.3276062011719,135.9533233642578,214.25352478027344,119.07521057128906,98.51652526855469,81.49718475341797,156.47000122070312
2022-11-07,360.74560546875,136.48388671875,220.5246124267578,119.70394897460938,99.68317413330078,81.20933532714844,155.85000610351562
2022-11-08,362.69195556640625,137.05368041992188,221.4923858642578,119.77684783935547,99.99896240234375,81.75019073486328,159.4499969482422
2022-11-09,355.2197570800781,132.50486755371094,217.27294921875,118.21871948242188,95.52532196044922,82.02935791015625,158.64999389648438
2022-11-10,374.7405700683594,144.29441833496094,235.14756774902344,123.08450317382812,96.9288330078125,83.87004852294922,163.47999572753906
2022-11-11,378.3675537109375,147.07481384277344,239.14442443847656,123.28497314453125,99.95509338378906,83.6955795288086,164.55999755859375
2022-11-14,375.1488342285156,145.67971801757812,233.7636260986328,122.01839447021484,100.24690246582031,83.49492645263672,164.9199981689453
2022-11-15,378.3484802246094,147.4088592529297,234.17010498046875,121.134521484375,100.91890716552734,84.11431884765625,165.5
2022-11-16,375.462158203125,146.18075561523438,234.5971221923828,121.29854583740234,99.84014892578125,84.73371887207031,165.1199951171875
2022-11-17,374.3133544921875,148.07693481445312,234.548583984375,120.7700424194336,99.9728012084961,84.157958984375,163.9199981689453
2022-11-18,376.0129089355469,148.63693237304688,234.10215759277344,121.95460510253906,99.1062240600586,83.86133575439453,162.7899932861328
2022-11-21,374.6456298828125,145.4144287109375,234.9076690673828,121.23479461669922,98.12471008300781,83.80899810791016,161.8800048828125
2022-11-22,379.687255859375,147.54638671875,237.7997589111328,123.04803466796875,100.96314239501953,84.28880310058594,162.07000732421875
2022-11-23,382.0799255371094,148.42083740234375,240.2744903564453,124.36016845703125,100.45911407470703,84.74241638183594,163.0800018310547
2022-11-25,381.9944152832031,145.51272583007812,240.1871337890625,124.59707641601562,100.10541534423828,84.71626281738281,163.22000122070312
2022-11-28,375.89898681640625,141.69093322753906,234.62625122070312,122.41934967041016,97.09899139404297,84.7511215209961,161.92999267578125
2022-11-29,375.2532653808594,138.6944122314453,233.23841857910156,124.43309020996094,97.74449157714844,84.39349365234375,162.72999572753906
2022-11-30,387.07403564453125,145.43409729003906,247.6114501953125,125.90922546386719,98.4518814086914,85.15245056152344,164.80999755859375
2022-12-01,386.78912353515625,145.70921325683594,247.1746826171875,124.14151000976562,97.97439575195312,86.08250427246094,167.83999633789062
2022-12-02,386.3429260253906,145.21798706054688,247.49497985839844,123.15743255615234,97.1431884765625,86.25730895996094,167.25999450683594
2022-12-05,379.39288330078125,144.0586700439453,242.81719970703125,119.70394897460938,94.48162078857422,85.38321685791016,164.38999938964844
2022-12-06,373.9240417480469,140.4039306640625,237.88705444335938,119.90443420410156,91.85540008544922,85.90765380859375,164.83999633789062
2022-12-07,373.2879638671875,138.46844482421875,237.15919494628906,119.8224105834961,91.65203094482422,86.65943145751953,166.3300018310547
2022-12-08,376.21221923828125,140.1484375,240.0998077392578,121.07988739013672,92.33290100097656,86.169921875,166.47000122070312
2022-12-09,373.40179443359375,139.66705322265625,238.17822265625,120.42379760742188,91.55475616455078,85.53181457519531,167.05999755859375
2022-12-12,378.7853088378906,141.95619201660156,245.0590057373047,122.29175567626953,93.80960845947266,85.40941619873047,165.67999267578125
2022-12-13,381.65264892578125,142.91900634765625,249.33889770507812,122.17330169677734,94.83533477783203,86.17864990234375,168.50999450683594
2022-12-14,379.2125549316406,140.6986541748047,249.6300506591797,121.56282806396484,94.13677215576172,86.4146499633789,168.10000610351562
2022-12-15,369.93634033203125,134.1063232421875,241.6623077392578,118.54674530029297,93.2348403930664,86.58280944824219,165.35000610351562
2022-12-16,365.5688171386719,132.15121459960938,237.46978759765625,117.80867004394531,92.58049011230469,86.36388397216797,166.7899932861328
2022-12-19,362.4689025878906,130.04873657226562,233.35487365722656,118.51029205322266,92.99608612060547,85.66321563720703,166.32000732421875
2022-12-20,362.9648742675781,129.97996520996094,234.66506958007812,119.08434295654297,94.34015655517578,85.0413818359375,169.0800018310547
2022-12-21,368.3921203613281,133.07470703125,237.21743774414062,120.42379760742188,95.55154418945312,85.14653015136719,168.8000030517578
2022-12-22,363.1365966796875,129.91119384765625,231.16159057617188,119.05701446533203,93.62389373779297,85.12023162841797,166.75999450683594
2022-12-23,365.22540283203125,129.5476837158203,231.68563842773438,119.6219711303711,96.09977722167969,84.73484802246094,167.25999450683594
2022-12-27,363.7851867675781,127.7497329711914,229.9678955078125,120.04112243652344,97.43499755859375,84.02545928955078,168.6699981689453
2022-12-28,359.2641296386719,123.82971954345703,227.6095428466797,120.6971664428711,95.83451080322266,83.82403564453125,167.91000366210938
2022-12-29,365.7309875488281,127.3371353149414,233.89833068847656,121.38969421386719,96.55960083007812,84.23564910888672,168.85000610351562
2022-12-30,364.7677001953125,127.65152740478516,232.74349975585938,122.19155883789062,97.53227996826172,83.88531494140625,169.63999938964844
2023-01-03,363.2320251464844,122.87674713134766,232.5105743408203,123.12092590332031,94.18099212646484,84.54218292236328,171.05999755859375
2023-01-04,366.0361633300781,124.14411926269531,222.3397979736328,124.26905059814453,94.45510864257812,85.19026947021484,172.6699981689453
2023-01-05,361.85845947265625,122.82760620117188,215.7501678466797,124.24152374267578,96.56843566894531,85.06767272949219,170.52000427246094
2023-01-06,370.15667724609375,127.3469467163086,218.29286193847656,126.61896514892578,97.73564910888672,86.16242980957031,173.7100067138672
2023-01-09,369.94683837890625,127.86766052246094,220.41819763183594,126.09576416015625,95.9140853881836,86.38138580322266,174.10000610351562
2023-01-10,372.54119873046875,128.4375,222.09716796875,127.22480010986328,97.34657287597656,85.83839416503906,174.74000549316406
2023-01-11,377.2530212402344,131.1491241455078,228.81297302246094,128.17027282714844,98.47840118408203,86.39015197753906,174.6199951171875
2023-01-12,378.62652587890625,131.0705108642578,231.47210693359375,128.04176330566406,100.11426544189453,87.1608657836914,176.63999938964844
2023-01-13,380.09539794921875,132.39683532714844,232.17088317871094,131.27284240722656,100.05236053466797,86.69667053222656,178.75999450683594
2023-01-17,379.399169921875,133.5561065673828,233.25784301757812,129.24423217773438,99.85783386230469,86.42516326904297,177.58999633789062
2023-01-18,373.4092102050781,132.8389434814453,228.85177612304688,125.36138916015625,97.80638122558594,87.59878540039062,177.0800018310547
2023-01-19,370.6907958984375,132.8978729248047,225.08628845214844,123.69076538085938,98.4342041015625,87.4323501586914,179.88999938964844
2023-01-20,377.5964050292969,135.45228576660156,233.1316680908203,123.99368286132812,100.22920989990234,86.85433197021484,179.2899932861328
2023-01-23,382.1270751953125,138.6354522705078,235.42202758789062,126.00395202636719,99.70751190185547,86.5740737915039,179.6300048828125
2023-01-24,381.7168884277344,140.0305633544922,234.8979949951172,127.08711242675781,100.6359634399414,87.07324981689453,180.27999877929688
2023-01-25,381.8599853515625,139.37228393554688,233.51016235351562,127.70211029052734,100.10541534423828,87.16963195800781,181.11000061035156
2023-01-26,386.0567321777344,141.43545532226562,240.68209838867188,128.49151611328125,104.12875366210938,86.85433197021484,179.47000122070312
2023-01-27,386.9438171386719,143.3709259033203,240.83737182617188,128.8036346435547,102.22760772705078,86.72296905517578,179.22000122070312
2023-01-30,382.08892822265625,140.4923095703125,235.54820251464844,127.7112808227539,100.41490936279297,86.45147705078125,178.75999450683594
2023-01-31,387.70684814453125,141.75970458984375,240.49769592285156,128.47314453125,102.581298828125,86.88932800292969,179.41000366210938
2023-02-01,391.827392578125,142.87969970703125,245.2919464111328,128.13352966308594,101.45829772949219,87.51427459716797,181.6699981689453
2023-02-02,397.5312194824219,148.1752166748047,256.79229736328125,127.5368881225586,98.28386688232422,87.4791488647461,177.89999389648438
2023-02-03,393.3057556152344,151.79061889648438,250.72671508789062,129.5104217529297,98.96475219726562,86.54004669189453,173.4600067138672
2023-02-06,390.9021911621094,149.06922912597656,249.1933135986328,130.2722930908203,98.7967300415039,85.79397583007812,173.82000732421875
2023-02-07,396.0146179199219,151.93801879882812,259.6649169921875,131.8603057861328,101.61746978759766,85.58338165283203,173.97999572753906
2023-02-08,391.68426513671875,149.2559051513672,258.85943603515625,130.9332275390625,100.73323822021484,85.89932250976562,174.41000366210938
2023-02-09,388.2887268066406,148.22430419921875,255.84115600585938,128.89541625976562,101.11346435546875,85.51314544677734,173.02999877929688
2023-02-10,389.1948547363281,148.58839416503906,255.3365478515625,129.46450805664062,105.37552642822266,85.1006088256836,173.36000061035156
2023-02-13,393.7635803222656,151.38279724121094,263.3139953613281,130.8689727783203,104.96563720703125,85.30253601074219,172.47999572753906
2023-02-14,393.5823974609375,150.7432861328125,264.138916015625,131.44723510742188,103.73599243164062,84.91629791259766,172.61000061035156
2023-02-15,394.8604736328125,152.83909606933594,262.0277099609375,131.99801635742188,103.42412567138672,84.66179656982422,170.88999938964844
2023-02-16,389.4237976074219,151.24505615234375,255.0517578125,130.1805419921875,103.12117004394531,84.38094329833984,170.75
2023-02-17,388.4508972167969,150.1037139892578,251.0725860595703,130.5660400390625,99.156005859375,84.61788940429688,171.25999450683594
2023-02-21,380.6581726074219,146.0989227294922,245.82852172851562,128.17027282714844,99.05796813964844,83.69632720947266,170.6199951171875
2023-02-22,380.1335754394531,146.52207946777344,244.6999053955078,127.18807220458984,97.77487182617188,83.84552764892578,169.66000366210938
2023-02-23,382.1556701660156,147.00421142578125,247.87159729003906,128.20697021484375,98.67481994628906,84.17027282714844,169.57000732421875
2023-02-24,378.0733642578125,144.3572998046875,242.47193908691406,129.36355590820312,98.6837387084961,83.66121673583984,168.35000610351562
2023-02-27,379.3610534667969,145.54794311523438,243.386474609375,130.4925994873047,98.50553131103516,83.91573333740234,169.00999450683594
2023-02-28,377.9588928222656,145.04608154296875,242.66650390625,131.58494567871094,97.93527221679688,84.04737854003906,169.77999877929688
2023-03-01,376.5091247558594,142.97975158691406,239.60179138183594,130.8505859375,98.80848693847656,83.37547302246094,170.75999450683594
2023-03-02,379.4372863769531,143.5701446533203,244.31072998046875,129.49209594726562,99.26292419433594,83.0324935913086,170.66000366210938
2023-03-03,385.52264404296875,148.60804748535156,248.3775634765625,131.8695068359375,100.5193099975586,83.70087432861328,172.49000549316406
2023-03-06,385.78973388671875,151.3632049560547,249.91476440429688,131.098388671875,101.41035461425781,83.55136108398438,171.6199951171875
2023-03-07,379.8760681152344,149.1689453125,247.26840209960938,127.24313354492188,99.4500503540039,83.5601806640625,168.6199951171875
2023-03-08,380.4960632324219,150.4185791015625,246.8306121826172,126.4904556274414,97.99765014648438,83.5338134765625,168.5399932861328
2023-03-09,373.4759216308594,148.17510986328125,245.48797607421875,119.64270782470703,97.240234375,84.05268096923828,170.1999969482422
2023-03-10,368.0869140625,146.1186065673828,241.8589324951172,122.6810302734375,96.0373306274414,85.6005859375,173.8699951171875
2023-03-13,367.562255859375,148.05703735351562,247.0446319580078,120.47803497314453,94.93241882324219,86.63837432861328,177.86000061035156
2023-03-14,373.63818359375,150.14305114746094,253.72862243652344,123.57144165039062,95.28884887695312,85.82044982910156,176.8300018310547
2023-03-15,371.30126953125,150.53665161132812,258.2527160644531,117.73340606689453,90.54846954345703,87.06051635742188,178.2100067138672
2023-03-16,377.8157958984375,153.3507537841797,268.7213439941406,120.01905059814453,90.02274322509766,86.27778625488281,178.57000732421875
2023-03-17,373.3981628417969,152.51441955566406,271.86395263671875,115.48448944091797,88.9623794555664,87.29800415039062,183.77000427246094
2023-03-20,376.98858642578125,154.8759002685547,264.8588562011719,116.70533752441406,91.28801727294922,86.9461898803711,183.83999633789062
2023-03-21,381.93865966796875,156.72576904296875,266.3669128417969,119.83546447753906,95.3779525756836,86.18981170654297,180.3699951171875
2023-03-22,375.42791748046875,155.2989959716797,264.9172058105469,116.74205017089844,93.19486236572266,87.32440185546875,183.44000244140625
2023-03-23,376.4428405761719,156.38133239746094,270.1418762207031,116.4299545288086,92.14344024658203,87.82568359375,185.74000549316406
2023-03-24,378.9130554199219,157.68017578125,272.97308349609375,114.6583480834961,92.2503662109375,87.85205078125,183.64999389648438
2023-03-27,379.62158203125,155.74179077148438,268.8965148925781,117.94452667236328,94.27304077148438,86.77030181884766,181.9499969482422
2023-03-28,378.7694396972656,155.12188720703125,267.7776794433594,118.30252838134766,95.44922637939453,86.71753692626953,183.44000244140625
2023-03-29,384.2748718261719,158.19186401367188,272.9146423339844,118.54119110107422,97.08875274658203,86.5680160522461,182.52999877929688
2023-03-30,386.5248107910156,159.75636291503906,276.3587951660156,118.18319702148438,97.56101989746094,86.69995880126953,184.17999267578125
2023-03-31,391.97271728515625,162.255615234375,280.49371337890625,119.61515808105469,97.71249389648438,87.17486572265625,183.22000122070312
2023-04-03,393.4664001464844,163.50526428222656,279.45269775390625,119.47746276855469,103.47759246826172,87.58551788330078,184.5399932861328
2023-04-04,391.283447265625,162.9739532470703,279.40399169921875,117.8802719116211,102.488525390625,88.14949035644531,187.97999572753906
2023-04-05,390.2589416503906,161.1339111328125,276.6409606933594,118.05603790283203,104.24388885498047,88.51961517333984,187.8300018310547
2023-04-06,391.7812194824219,162.01947021484375,283.7043762207031,117.9265365600586,102.51525115966797,88.54605865478516,186.49000549316406
2023-04-10,392.183349609375,159.43167114257812,281.5542907714844,118.3150863647461,102.06082916259766,87.67366027832031,185.11000061035156
2023-04-11,392.2887268066406,158.2213592529297,275.17181396484375,118.89791870117188,102.7825698852539,87.63837432861328,186.27999877929688
2023-04-12,390.6897277832031,157.5326385498047,275.8139953613281,118.87944030761719,102.6756591796875,87.8939208984375,187.19000244140625
2023-04-13,395.8791809082031,162.90505981445312,281.99200439453125,119.33274841308594,103.15679931640625,87.60316467285156,189.72000122070312
2023-04-14,394.9122009277344,162.56068420410156,278.392333984375,128.343505859375,103.40631103515625,87.17133331298828,186.36000061035156
2023-04-17,396.3292236328125,162.580322265625,280.980224609375,129.36117553710938,102.20337677001953,86.61618041992188,185.52999877929688
2023-04-18,396.58770751953125,163.8004913330078,280.5618591308594,130.81362915039062,104.1993408203125,86.75715637207031,186.25
2023-04-19,396.520751953125,164.94187927246094,280.6396179199219,130.64712524414062,103.86963653564453,86.57207489013672,185.36000061035156
2023-04-20,394.3568420410156,163.9775848388672,278.3630676269531,130.26776123046875,103.04096984863281,87.07442474365234,186.08999633789062
2023-04-21,394.6632385253906,162.37367248535156,278.02252197265625,130.0179901123047,103.37065887451172,86.86293029785156,184.25
2023-04-24,395.074951171875,162.67874145507812,274.1405334472656,130.19375610351562,105.32205963134766,87.28591918945312,184.80999755859375
2023-04-25,388.8034973144531,161.14376831054688,267.96246337890625,127.36286163330078,103.82510375976562,88.14949035644531,185.75
2023-04-26,387.1567687988281,161.1339111328125,287.3723449707031,125.1055679321289,102.8716812133789,87.80583953857422,184.74000549316406
2023-04-27,394.8643493652344,165.70933532714844,296.5761413574219,126.78929138183594,104.101318359375,87.23301696777344,184.75
2023-04-28,398.234619140625,166.95896911621094,298.9403381347656,127.89019775390625,105.4468002319336,87.88512420654297,184.8000030517578
2023-05-01,397.8324279785156,166.8704071044922,297.286376953125,130.6285858154297,102.17665100097656,86.8507308959961,183.97000122070312
2023-05-02,393.361083984375,165.8372344970703,297.1404724121094,128.51930236816406,98.10454559326172,87.98143005371094,187.52000427246094
2023-05-03,390.6610107421875,164.76473999023438,296.15777587890625,125.79940795898438,96.17098236083984,88.55562591552734,189.11000061035156
2023-05-04,387.8939514160156,163.13134765625,297.1404724121094,124.07864379882812,94.48690032958984,88.53791046142578,190.44000244140625
2023-05-05,395.074951171875,170.78656005859375,302.238525390625,126.50248718261719,96.83926391601562,88.06094360351562,187.4600067138672
2023-05-08,395.1802673339844,170.7177276611328,300.2926940917969,126.80780792236328,97.22240447998047,87.5220718383789,187.69000244140625
2023-05-09,393.4471740722656,169.0154571533203,298.6874084472656,126.19720458984375,97.2491455078125,87.41606140136719,189.02000427246094
2023-05-10,395.28558349609375,170.77674865722656,303.8536682128906,126.26195526123047,96.0016860961914,88.06977081298828,188.75
2023-05-11,394.59619140625,170.96371459960938,301.71319580078125,125.8641586303711,94.2641372680664,88.39659881591797,187.1300048828125
2023-05-12,394.0792236328125,170.03749084472656,300.6040344238281,124.06018829345703,94.25521087646484,87.86656951904297,186.80999755859375
2023-05-15,395.438720703125,169.54483032226562,301.0807800292969,125.1055679321289,94.43496704101562,87.6722412109375,187.2100067138672
2023-05-16,392.7961730957031,169.54483032226562,303.2991027832031,124.26368713378906,92.14307403564453,87.38961029052734,184.8699951171875
2023-05-17,397.5643005371094,170.15574645996094,306.1657409667969,128.08448791503906,94.21027374267578,87.10690307617188,184.22999572753906
2023-05-18,401.39410400390625,172.48110961914062,310.5729064941406,129.05587768554688,95.06413269042969,86.56806182861328,181.83999633789062
2023-05-19,400.81011962890625,172.58949279785156,310.3974609375,128.7598419189453,95.50452423095703,86.24122619628906,183.63999938964844
2023-05-22,400.9728698730469,171.6436004638672,313.1665344238281,127.69595336914062,94.3450927734375,86.0822525024414,183.2100067138672
2023-05-23,396.4728088378906,169.0423126220703,307.39422607421875,126.36371612548828,95.63035583496094,86.22357177734375,183.42999267578125
2023-05-24,393.6004943847656,169.31820678710938,306.0194396972656,125.20730590820312,96.69990539550781,86.00271606445312,181.9499969482422
2023-05-25,397.0089416503906,170.4513702392578,317.7883605957031,125.51260375976562,94.96525573730469,85.46387481689453,180.1999969482422
2023-05-26,402.1504821777344,172.8555450439453,324.5843811035156,126.68751525878906,94.3450927734375,85.62288665771484,180.9199981689453
2023-05-30,402.3037109375,174.69808959960938,322.94635009765625,127.16864013671875,93.50923919677734,86.29425048828125,182.0399932861328
2023-05-31,400.0728454589844,174.64883422851562,320.1966552734375,125.54965209960938,91.8375015258789,86.62104797363281,182.32000732421875
2023-06-01,403.87396240234375,177.4471435546875,324.2821350097656,127.27960205078125,92.89806365966797,86.86189270019531,183.75999450683594
2023-06-02,409.7144775390625,178.2945098876953,327.03179931640625,129.95327758789062,95.0551528930664,86.17125701904297,181.0500030517578
2023-06-05,408.9293212890625,176.94464111328125,327.5583801269531,128.67657470703125,94.63272094726562,86.14471435546875,182.13999938964844
2023-06-06,409.8197937011719,176.58006286621094,325.35467529296875,128.90785217285156,95.40565490722656,86.19784545898438,182.33999633789062
2023-06-07,408.4027099609375,175.21044921875,315.3117370605469,130.15679931640625,97.54476928710938,85.56914520263672,180.14999389648438
2023-06-08,410.8729248046875,177.92010498046875,317.1448059082031,130.19375610351562,97.23917388916016,86.14471435546875,182.52999877929688
2023-06-09,411.61016845703125,178.30438232421875,318.6366271972656,130.45278930664062,96.52015686035156,85.83479309082031,182.0399932861328
2023-06-12,415.34423828125,181.0928497314453,323.5702819824219,130.44358825683594,95.6483383178711,85.97647094726562,181.8800048828125
2023-06-13,418.08258056640625,180.61988830566406,325.9494323730469,131.38719177246094,95.66631317138672,85.36549377441406,180.5399932861328
2023-06-14,418.5804443359375,181.25048828125,328.92340087890625,130.8968963623047,94.51588439941406,85.48064422607422,180.63999938964844
2023-06-15,423.7698974609375,183.28028869628906,339.4149169921875,132.3770751953125,95.17198181152344,86.14471435546875,181.91000366210938
2023-06-16,422.326416015625,182.2062530517578,333.78887939453125,132.53439331054688,94.48889923095703,85.7728042602539,181.6300048828125
2023-06-20,420.13531494140625,182.29493713378906,329.6156311035156,131.85902404785156,92.32283782958984,86.02959442138672,179.75
2023-06-21,417.9825744628906,181.26036071777344,325.2376403808594,131.6647491455078,93.35643768310547,86.10928344726562,179.49000549316406
2023-06-22,419.49151611328125,184.25572204589844,331.2342224121094,129.1298828125,92.84412384033203,85.62226867675781,177.7100067138672
2023-06-23,416.3200378417969,183.94044494628906,326.6612548828125,128.4545440673828,92.03522491455078,85.97647094726562,178.1999969482422
2023-06-26,414.61907958984375,182.5511474609375,320.4014587402344,128.76907348632812,93.73392486572266,86.18898010253906,178.50999450683594
2023-06-27,419.1647033691406,185.30018615722656,326.2225341796875,128.77830505371094,93.96762084960938,85.8879165649414,177.69000244140625
2023-06-28,419.3761291503906,186.4727325439453,327.4705810546875,128.2139892578125,94.7315673828125,86.23323822021484,177.27999877929688
2023-06-29,421.0290222167969,186.80772399902344,326.6905212402344,132.69161987304688,95.9000015258789,85.3478012084961,177.08999633789062
2023-06-30,425.99749755859375,191.1234588623047,332.0434875488281,134.5511932373047,96.39433288574219,85.53373718261719,178.27000427246094
2023-07-03,426.4875793457031,189.6356201171875,329.5572204589844,135.633544921875,96.58305358886719,85.16270446777344,178.47000122070312
2023-07-05,425.8533935546875,188.522216796875,329.71319580078125,134.73001098632812,96.08873748779297,84.75444030761719,177.83999633789062
2023-07-06,422.51861572265625,188.99517822265625,332.75531005859375,133.39797973632812,92.50259399414062,84.06214141845703,177.30999755859375
2023-07-07,421.4518737792969,187.8817138671875,328.8063659667969,134.4505615234375,92.71831512451172,83.95561981201172,178.63999938964844
2023-07-10,422.51861572265625,185.8421173095703,323.55084228515625,135.205078125,94.09345245361328,84.39055633544922,178.77999877929688
2023-07-11,425.20947265625,185.31988525390625,324.1748962402344,137.3195343017578,95.243896484375,84.56804656982422,179.4499969482422
2023-07-12,428.63067626953125,186.985107421875,328.786865234375,137.99952697753906,95.71124267578125,85.39347076416016,181.8800048828125
2023-07-13,432.03265380859375,187.7437744140625,334.1106262207031,138.67018127441406,93.95862579345703,86.10354614257812,182.00999450683594
2023-07-14,431.7635803222656,187.8916015625,336.6263122558594,139.50856018066406,90.72301483154297,85.67752075195312,181.42999267578125
2023-07-17,433.2627258300781,191.14317321777344,337.10406494140625,142.87118530273438,91.11846923828125,85.81954193115234,181.55999755859375
2023-07-18,436.4821472167969,190.88694763183594,350.52069091796875,143.13201904296875,90.70502471923828,85.91719055175781,183.63999938964844
2023-07-19,437.4527587890625,192.2368621826172,346.220703125,143.6815643310547,91.33419799804688,86.21007537841797,183.6699981689453
2023-07-20,434.5504455566406,190.2957763671875,338.21563720703125,145.45138549804688,92.9430160522461,85.5266342163086,182.74000549316406
2023-07-21,434.5504455566406,189.12327575683594,335.19287109375,144.33360290527344,93.37442016601562,85.59764862060547,182.17999267578125
2023-07-24,436.4917297363281,189.9213409423828,336.4994812011719,147.17465209960938,94.83941650390625,85.39347076416016,181.39999389648438
2023-07-25,437.6833801269531,190.77857971191406,342.22308349609375,146.0755157470703,94.98323059082031,85.2337417602539,182.41000366210938
2023-07-26,437.75067138671875,191.6457061767578,329.3426818847656,146.95106506347656,94.45294189453125,85.5266342163086,183.3000030517578
2023-07-27,434.848388671875,190.38450622558594,322.4685363769531,145.33030700683594,94.74955749511719,84.59467315673828,180.4199981689453
2023-07-28,439.105712890625,192.9561309814453,329.9277038574219,146.15931701660156,93.6170883178711,84.86982727050781,181.86000061035156
2023-07-31,439.94171142578125,193.56707763671875,327.5387878417969,147.1373748779297,96.38533020019531,84.97633361816406,182.35000610351562
2023-08-01,438.6828918457031,192.73939514160156,327.9483642578125,146.41082763671875,95.82808685302734,84.47981262207031,180.4600067138672
2023-08-02,432.5804138183594,189.7538299560547,319.3288879394531,144.75279235839844,94.63272094726562,84.31076049804688,179.60000610351562
2023-08-03,431.3407287597656,188.36456298828125,318.50982666015625,145.6376953125,96.2774887084961,83.6878890991211,179.5399932861328
2023-08-04,429.38995361328125,179.31924438476562,319.6019287109375,145.33030700683594,96.54711151123047,84.57770538330078,180.19000244140625
2023-08-07,433.1377868652344,176.2253875732422,321.873779296875,146.01956176757812,96.34937286376953,84.37303924560547,179.77999877929688
2023-08-08,431.2542419433594,177.16140747070312,317.91497802734375,145.1999053955078,96.82573699951172,84.80016326904297,178.63999938964844
2023-08-09,428.3711853027344,175.57501220703125,314.1903381347656,143.25311279296875,98.47049713134766,84.85354614257812,177.7899932861328
2023-08-10,428.52496337890625,175.3582763671875,314.8728942871094,143.0388641357422,98.97383117675781,84.20397186279297,177.60000610351562
2023-08-11,428.2751159667969,175.41748046875,313.00079345703125,143.86785888671875,100.5107650756836,83.75907897949219,177.60000610351562
2023-08-14,430.6391906738281,177.065185546875,315.9552001953125,144.16595458984375,100.59162902832031,83.62557220458984,177.05999755859375
2023-08-15,425.62274169921875,175.08197021484375,313.82958984375,140.49588012695312,98.00910949707031,83.46543884277344,176.58999633789062
2023-08-16,422.4994812011719,174.2137451171875,313.06744384765625,139.89974975585938,96.35992431640625,83.14509582519531,175.57000732421875
2023-08-17,419.28009033203125,171.6780242919922,309.6279602050781,138.44662475585938,98.22657775878906,83.0383071899414,175.3000030517578
2023-08-18,419.4818115234375,172.16148376464844,309.2371826171875,138.76333618164062,99.71266174316406,83.28744506835938,175.3300018310547
2023-08-21,422.2110900878906,173.49349975585938,314.51361083984375,139.2384033203125,98.50749206542969,82.7713394165039,175.80999755859375
2023-08-22,421.0675354003906,174.8649139404297,315.080322265625,136.3507843017578,97.95475006103516,82.8069839477539,176.10000610351562
2023-08-23,425.75726318359375,178.70303344726562,319.51641845703125,137.27294921875,97.09390258789062,83.70565032958984,177.88999938964844
2023-08-24,419.8566589355469,174.02626037597656,312.6473388671875,137.1425323486328,96.36898040771484,83.39424133300781,177.85000610351562
2023-08-25,422.8165283203125,176.2265167236328,315.5884704589844,136.97491455078125,98.09065246582031,83.36754608154297,177.6199951171875
2023-08-28,425.49774169921875,177.7854461669922,316.2919616699219,137.44993591308594,98.91526794433594,83.59889221191406,178.1300048828125
2023-08-29,431.6482849121094,181.66299438476562,320.8941955566406,138.5677032470703,99.50425720214844,84.1950912475586,179.8699951171875
2023-08-30,433.4261169433594,185.1458740234375,321.2654724121094,138.0088348388672,100.47382354736328,84.18616485595703,180.32000732421875
2023-08-31,432.7918395996094,185.36293029785156,320.259033203125,136.30418395996094,100.7547378540039,84.35523986816406,180.02000427246094
2023-09-01,433.59912109375,186.93173217773438,321.138427734375,136.76063537597656,102.86605072021484,83.8396224975586,180.11000061035156
2023-09-05,431.7251281738281,187.16854858398438,325.91650390625,135.2516326904297,102.8751220703125,83.33111572265625,178.63999938964844
2023-09-06,428.8229064941406,180.46914672851562,325.2618713378906,135.028076171875,103.76314544677734,83.11700439453125,177.8300018310547
2023-09-07,427.50628662109375,175.19052124023438,322.3598327636719,133.87303161621094,103.2557144165039,83.40248107910156,178.02000427246094
2023-09-08,428.150146484375,175.80221557617188,326.62005615234375,133.97552490234375,104.7599105834961,83.42032623291016,178.0800018310547
2023-09-11,430.9659729003906,176.9665069580078,330.2060852050781,134.56236267089844,103.44600677490234,83.27760314941406,178.41000366210938
2023-09-12,428.6018371582031,173.94735717773438,324.17724609375,136.31353759765625,106.46346282958984,83.39356231689453,177.49000549316406
2023-09-13,429.1015930175781,171.88523864746094,328.3690490722656,136.37872314453125,105.51202392578125,83.49168395996094,177.0800018310547
2023-09-14,432.8014831542969,173.39479064941406,330.94866943359375,139.024169921875,107.39682006835938,83.30435943603516,177.1699981689453
2023-09-15,427.58697509765625,172.6745147705078,322.6627197265625,138.61428833007812,105.74760437011719,83.04563903808594,178.33999633789062
2023-09-18,427.83770751953125,175.59506225585938,321.5292663574219,138.90306091308594,106.59941864013672,83.12593841552734,179.38999938964844
2023-09-19,426.9504089355469,176.68038940429688,321.1286315917969,138.72607421875,106.31851196289062,82.82261657714844,179.22000122070312
2023-09-20,423.0252990722656,173.14816284179688,313.42901611328125,138.13926696777344,105.47576904296875,82.76016998291016,179.35000610351562
2023-09-21,416.0334167480469,171.60897827148438,312.2173767089844,137.0587158203125,103.98970794677734,82.14464569091797,178.0500030517578
2023-09-22,415.0979309082031,172.45748901367188,309.75506591796875,135.7452850341797,104.15278625488281,82.46576690673828,178.6199951171875
2023-09-25,416.8434753417969,173.7302703857422,310.27294921875,136.41600036621094,105.32173156738281,81.85913848876953,177.6999969482422
2023-09-26,410.7195129394531,169.66526794433594,304.9965515136719,135.00015258789062,105.4848403930664,81.83238983154297,176.27999877929688
2023-09-27,410.88348388671875,168.1556854248047,305.6316223144531,135.79188537597656,108.91912841796875,81.46662902832031,174.10000610351562
2023-09-28,413.2655029296875,168.41221618652344,306.4621887207031,137.4779052734375,108.2576675415039,81.68964385986328,173.22999572753906
2023-09-29,412.2626037597656,168.92527770996094,308.5238342285156,135.083984375,106.54502868652344,81.70748138427734,171.4499969482422
2023-10-02,412.0986328125,171.4313507080078,314.43536376953125,133.91961669921875,104.77803039550781,81.04472351074219,169.64999389648438
2023-10-03,406.5821838378906,170.09939575195312,306.21795654296875,132.9322509765625,104.95928192138672,80.37388610839844,169.16000366210938
2023-10-04,409.54296875,171.34259033203125,311.660400390625,133.52841186523438,101.03564453125,80.88371276855469,169.13999938964844
2023-10-05,409.3885803222656,172.57591247558594,312.0513000488281,134.09140014648438,98.76121520996094,81.03575897216797,168.8300018310547
2023-10-06,414.2492370605469,175.12147521972656,319.7704772949219,136.15579223632812,97.11200714111328,80.56170654296875,169.6999969482422
2023-10-09,416.9013366699219,176.60145568847656,322.2718811035156,135.84613037109375,100.51007080078125,81.5903091430664,172.82000732421875
2023-10-10,419.0712585449219,176.00946044921875,320.8746032714844,136.671875,100.08419036865234,81.42932891845703,172.52999877929688
2023-10-11,420.78790283203125,177.40065002441406,324.8123779296875,137.1410675048828,96.4958267211914,81.87654876708984,173.7899932861328
2023-10-12,418.2225341796875,178.29849243164062,323.5811767578125,136.82203674316406,96.47770690917969,81.08943176269531,173.25999450683594
2023-10-13,416.13946533203125,176.4633331298828,320.2297058105469,138.87705993652344,99.5586166381836,81.60820007324219,178.8300018310547
2023-10-16,420.51788330078125,176.3350372314453,325.0273742675781,138.7362823486328,99.63111877441406,81.1252212524414,177.9600067138672
2023-10-17,420.49853515625,174.7860107421875,324.46063232421875,138.4359893798828,100.93595886230469,80.32917785644531,178.2899932861328
2023-10-18,414.8953857421875,173.49349975585938,322.55523681640625,136.91586303710938,102.34956359863281,79.9535140991211,180.8699951171875
2023-10-19,411.24993896484375,173.1185760498047,323.7375183105469,136.3341064453125,102.41297912597656,79.55994415283203,183.08999633789062
2023-10-20,406.19647216796875,170.57298278808594,319.1939697265625,134.13833618164062,100.6550521850586,80.02505493164062,183.58999633789062
2023-10-23,405.4924621582031,170.69139099121094,321.7833557128906,132.30853271484375,99.17804718017578,80.40071105957031,182.97000122070312
2023-10-24,408.549560546875,171.12550354003906,322.96563720703125,132.46804809570312,98.21751403808594,80.5438461303711,182.9499969482422
2023-10-25,402.68603515625,168.81674194335938,332.87359619140625,131.7454833984375,98.39874267578125,79.83724212646484,183.72000122070312
2023-10-26,397.8640441894531,164.66293334960938,320.3860778808594,132.0833282470703,97.50165557861328,80.4454574584961,184.00999450683594
2023-10-27,396.0606384277344,165.9751739501953,322.2620849609375,127.32585144042969,95.64407348632812,80.5706558227539,186.14999389648438
2023-10-30,400.7958984375,168.0175323486328,329.5904846191406,128.94918823242188,95.94307708740234,80.30233001708984,185.10000610351562
2023-10-31,403.3129577636719,168.49111938476562,330.3721923828125,130.48809814453125,95.91590881347656,80.13241577148438,184.08999633789062
2023-11-01,407.6141357421875,171.6484375,338.1500549316406,130.37551879882812,95.72560119628906,81.0553207397461,183.50999450683594
2023-11-02,415.4258117675781,175.2003936767578,340.3484802246094,132.70263671875,98.86994934082031,81.55757904052734,184.1199951171875
2023-11-03,419.2159423828125,174.29266357421875,344.7259216308594,134.18524169921875,97.66474914550781,82.18544006347656,184.7899932861328
2023-11-06,420.18035888671875,176.83824157714844,348.37060546875,135.1986846923828,95.93402862548828,81.71007537841797,183.35000610351562
2023-11-07,421.3761901855469,179.3937225341797,352.279052734375,135.13296508789062,94.4298095703125,82.1764907836914,182.58999633789062
2023-11-08,421.68475341796875,180.4494171142578,354.887939453125,135.79920959472656,93.26995086669922,82.50833129882812,180.77000427246094
2023-11-09,418.39617919921875,179.97584533691406,352.4353942871094,135.39572143554688,93.29713439941406,81.692138671875,181.49000549316406
2023-11-10,424.9251708984375,184.15484619140625,361.2099304199219,137.40380859375,94.01299285888672,81.78182983398438,179.50999450683594
2023-11-13,424.5201110839844,182.57411193847656,358.2882995605469,136.7938690185547,95.00067901611328,81.73695373535156,180.50999450683594
2023-11-14,432.7561340332031,185.1823272705078,361.7961120605469,139.28993225097656,95.36646270751953,82.9657974243164,182.1199951171875
2023-11-15,433.6722717285156,185.74546813964844,361.94305419921875,140.5098114013672,94.79035949707031,82.31999206542969,181.63999938964844
2023-11-16,434.2027282714844,187.42498779296875,368.30712890625,142.1143798828125,93.69303131103516,82.9388656616211,183.69000244140625
2023-11-17,434.7428283691406,187.40525817871094,362.1192626953125,143.39993286132812,95.9791259765625,82.99266052246094,183.6699981689453
2023-11-20,438.0892333984375,189.14404296875,369.5506286621094,143.8409423828125,95.55850982666016,83.10929107666016,183.3699951171875
2023-11-21,437.1344909667969,188.3437957763672,365.27191162109375,143.5406951904297,95.52191162109375,83.2168960571289,185.35000610351562
2023-11-22,438.8222351074219,189.00572204589844,369.9520568847656,143.87850952148438,95.11042785644531,83.19001770019531,184.55999755859375
2023-11-24,439.09222412109375,187.68185424804688,369.540771484375,144.07553100585938,95.62250518798828,82.75948333740234,185.52000427246094
2023-11-27,438.3014221191406,187.5040283203125,370.6961364746094,143.7471160888672,95.06468963623047,83.38733673095703,186.77000427246094
2023-11-28,438.7353820800781,188.106689453125,374.70068359375,144.07553100585938,95.00982666015625,83.75508880615234,189.25999450683594
2023-11-29,438.42681884765625,187.08908081054688,370.93115234375,144.80747985839844,93.58330535888672,84.19458770751953,189.5399932861328
2023-11-30,440.153076171875,187.66207885742188,370.98992919921875,146.45896911621094,93.9490966796875,83.78199768066406,188.75
2023-12-01,442.7569580078125,188.93658447265625,366.6819152832031,147.17213439941406,94.17770385742188,84.57250213623047,192.00999450683594
2023-12-04,440.4328308105469,187.14834594726562,361.424072265625,148.25123596191406,93.66561126708984,84.22175598144531,187.86000061035156
2023-12-05,440.345947265625,191.09030151367188,364.7333984375,148.2324981689453,91.84589385986328,84.81529235839844,187.14999389648438
2023-12-06,438.5715026855469,190.00355529785156,361.0912170410156,146.6747589111328,90.62969207763672,85.16602325439453,187.83999633789062
2023-12-07,441.91790771484375,191.9300537109375,363.1962585449219,147.1251983642578,89.99872589111328,85.04013061523438,188.14999389648438
2023-12-08,443.81787109375,193.3527374267578,366.40771484375,148.74856567382812,91.03205871582031,84.49153900146484,185.63999938964844
2023-12-11,445.5440979003906,190.85317993164062,363.5389404296875,149.29283142089844,91.09606170654297,84.50054168701172,183.58999633789062
2023-12-12,447.5789489746094,192.36477661132812,366.5545349121094,150.62527465820312,89.660400390625,84.68040466308594,183.49000549316406
2023-12-13,453.7511291503906,195.57562255859375,366.5447692871094,151.13201904296875,90.4559326171875,85.93944549560547,187.6300048828125
2023-12-14,455.2074279785156,195.72378540039062,358.2812194824219,153.88140869140625,92.88834381103516,86.65382385253906,188.72999572753906
2023-12-15,454.4579162597656,195.1903076171875,362.9808349609375,155.0449676513672,92.26652526855469,86.58164978027344,187.0
2023-12-18,457.0142822265625,193.53054809570312,364.8607177734375,155.98329162597656,92.95235443115234,86.39226531982422,187.85000610351562
2023-12-19,459.79327392578125,194.5679168701172,365.4579772949219,158.06643676757812,94.17770385742188,86.55461883544922,189.1300048828125
2023-12-20,453.421875,192.4833221435547,362.8731689453125,156.28359985351562,92.60487365722656,86.97856140136719,188.10000610351562
2023-12-21,457.7211608886719,192.3351287841797,365.73211669921875,157.17503356933594,93.0255126953125,86.84325408935547,189.42999267578125
2023-12-22,458.64105224609375,191.26812744140625,366.7503967285156,157.08119201660156,93.19010925292969,86.7620620727539,190.27000427246094
2023-12-26,460.57763671875,190.72476196289062,366.8287353515625,158.01016235351562,93.40042877197266,86.81620025634766,191.72000122070312
2023-12-27,461.41033935546875,190.82354736328125,366.25103759765625,158.9579315185547,92.96150207519531,87.4926986694336,192.58999633789062
2023-12-28,461.5846862792969,191.24838256835938,367.4357604980469,159.80242919921875,91.6172866821289,87.158935546875,191.47000122070312
2023-12-29,460.2484436035156,190.21099853515625,368.1799011230469,159.61476135253906,91.42526245117188,86.94248962402344,191.1699981689453
2024-01-02,457.6726989746094,183.4040069580078,363.117919921875,161.47271728515625,93.60160064697266,86.61775970458984,190.72000122070312
2024-01-03,453.93505859375,182.03074645996094,362.8536071777344,160.76895141601562,94.38802337646484,86.82524871826172,189.1300048828125
2024-01-04,452.472900390625,179.71893310546875,360.2491760253906,161.83580017089844,93.56502532958984,86.30207061767578,189.32000732421875
2024-01-05,453.0926208496094,178.9977264404297,360.0632019042969,162.64781188964844,93.84849548339844,85.98636627197266,189.35000610351562
2024-01-08,459.5609436035156,183.32496643066406,366.85809326171875,162.41177368164062,92.2848129272461,86.27501678466797,187.8699951171875
2024-01-09,458.86376953125,182.91001892089844,367.9350891113281,161.1277313232422,91.14176940917969,86.23890686035156,187.92999267578125
2024-01-10,461.4588317871094,183.94740295410156,374.7691650390625,161.46763610839844,90.24563598632812,86.10359954833984,187.5
2024-01-11,461.2554931640625,183.3546142578125,376.59039306640625,160.78781127929688,90.22733306884766,86.56362915039062,187.8699951171875
2024-01-12,461.57501220703125,183.68063354492188,380.3500671386719,159.60763549804688,91.39781951904297,86.79815673828125,189.7100067138672
2024-01-16,459.8805236816406,181.41822814941406,382.1124267578125,158.6068572998047,89.33120727539062,86.09457397460938,187.91000366210938
2024-01-17,457.3241271972656,180.47964477539062,381.3291015625,157.7571258544922,88.68194580078125,85.81497192382812,185.83999633789062
2024-01-18,461.3909912109375,186.35800170898438,385.6371765136719,158.06869506835938,88.5173568725586,85.62557220458984,187.3699951171875
2024-01-19,467.142822265625,189.25270080566406,390.33685302734375,160.79727172851562,88.65451049804688,85.63458251953125,187.92999267578125
2024-01-22,468.1304626464844,191.55465698242188,388.2220153808594,160.6084442138672,88.5356216430664,85.89615631103516,187.22000122070312
2024-01-23,469.4957580566406,192.8291015625,390.5619812011719,159.55101013183594,89.5323715209961,85.67969512939453,187.9499969482422
2024-01-24,470.0090026855469,192.15731811523438,394.1455383300781,160.97666931152344,91.07776641845703,85.4361801147461,186.39999389648438
2024-01-25,472.5653991699219,191.8312530517578,396.4072570800781,163.28038024902344,93.39127349853516,85.80595397949219,187.13999938964844
2024-01-26,471.9649658203125,190.1023406982422,395.48687744140625,162.6572265625,94.18685913085938,85.6526107788086,187.00999450683594
2024-01-29,475.7027282714844,189.42063903808594,401.1558837890625,163.0821075439453,94.30570983886719,86.1667709350586,188.3300018310547
2024-01-30,475.334716796875,185.77508544921875,400.0494384765625,166.4243621826172,95.87855529785156,86.28401184082031,188.58999633789062
2024-01-31,467.5785217285156,182.17893981933594,389.26959228515625,164.6210479736328,94.01309204101562,87.00557708740234,188.4499969482422
2024-02-01,473.69830322265625,184.6093292236328,395.34002685546875,164.0262451171875,93.6290283203125,87.54450225830078,190.41000366210938
2024-02-02,478.68505859375,183.61148071289062,402.6245422363281,164.97039794921875,93.2449722290039,86.40523529052734,188.61000061035156
2024-02-05,476.942138671875,185.41943359375,397.1709899902344,164.7532196044922,92.86091613769531,85.56432342529297,187.57000732421875
2024-02-06,478.3268737792969,187.01991271972656,397.0142517089844,165.3197479248047,93.50102996826172,86.02543640136719,188.5500030517578
2024-02-07,482.3162841796875,187.12860107421875,405.3953857421875,165.6313018798828,93.47357940673828,85.87174987792969,188.5
2024-02-08,482.5293273925781,186.0517578125,405.4540710449219,165.03648376464844,95.07383728027344,85.59146118164062,188.3300018310547
2024-02-09,485.3180236816406,186.81344604492188,411.7594909667969,165.23472595214844,93.06208801269531,85.43772888183594,187.60000610351562
2024-02-12,485.1050109863281,185.13177490234375,406.5801086425781,165.97117614746094,94.34229278564453,85.51909637451172,187.11000061035156
2024-02-13,478.42364501953125,183.04449462890625,397.8269958496094,164.5266571044922,93.53011322021484,84.5787582397461,184.52999877929688
2024-02-14,482.7713928222656,182.16409301757812,401.6720886230469,166.19778442382812,93.06864166259766,84.89521789550781,184.4199981689453
2024-02-15,486.1023254394531,181.87725830078125,398.79803466796875,169.8232879638672,95.73593139648438,85.13030242919922,185.66000366210938
2024-02-16,483.6816101074219,180.3439483642578,396.3458251953125,169.03018188476562,95.73593139648438,84.75958251953125,186.33999633789062
2024-02-20,481.0187072753906,179.60205078125,395.10003662109375,169.6911163330078,94.83145904541016,84.90425109863281,187.47000122070312
2024-02-21,481.4544677734375,180.35382080078125,394.5016784667969,170.7957763671875,96.76960754394531,84.63298034667969,187.47999572753906
2024-02-22,491.4183654785156,182.3817138671875,403.7908935546875,172.8445587158203,96.6865463256836,84.64204406738281,187.55999755859375
2024-02-23,491.7572937011719,180.5516815185547,402.5058898925781,173.71315002441406,95.83745574951172,85.03084564208984,188.6199951171875
2024-02-26,489.9562072753906,179.20635986328125,399.7593078613281,173.1183624267578,96.21585083007812,84.90425109863281,188.1999969482422
2024-02-27,490.8664245605469,180.66050720214844,399.7005615234375,173.20333862304688,96.01280212402344,84.7143783569336,188.0
2024-02-28,490.21771240234375,179.4635467529297,399.9358825683594,174.08139038085938,96.28045654296875,85.02178955078125,188.33999633789062
2024-02-29,491.97998046875,178.80075073242188,405.7428894042969,175.66754150390625,96.46504974365234,85.19359588623047,189.30999755859375
2024-03-01,496.598876953125,177.72250366210938,407.5674133300781,174.9405517578125,97.68331146240234,85.58251953125,192.88999938964844
2024-03-04,496.0663146972656,173.21173095703125,406.9985046386719,176.25291442871094,96.31737518310547,85.39216613769531,196.00999450683594
2024-03-05,491.1084899902344,168.285400390625,394.9626770019531,178.0184783935547,97.49872589111328,85.91796112060547,197.19000244140625
2024-03-06,493.5970764160156,167.2961883544922,394.41339111328125,178.94371032714844,98.5416488647461,86.12648010253906,198.80999755859375
2024-03-07,498.49676513671875,167.17750549316406,401.32879638671875,177.37646484375,99.09540557861328,86.27152252197266,199.94000244140625
2024-03-08,495.50469970703125,168.88882446289062,398.4645080566406,177.7069091796875,100.0275650024414,86.33499145507812,201.6300048828125
2024-03-11,495.07861328125,170.88705444335938,396.7970275878906,177.77297973632812,100.61825561523438,86.22620391845703,202.0
2024-03-12,500.4043884277344,171.3618621826172,407.3515319824219,179.23641967773438,99.9721908569336,85.87264251708984,199.7899932861328
2024-03-13,499.6199951171875,169.2845458984375,407.17498779296875,180.6904296875,101.08894348144531,85.6822509765625,201.19000244140625
2024-03-14,498.63238525390625,171.13436889648438,417.101806640625,177.47085571289062,102.87943267822266,85.04765319824219,200.35000610351562
2024-03-15,495.2084045410156,170.75845336914062,408.4698181152344,179.6707305908203,102.69483184814453,84.902587890625,199.7100067138672
2024-03-18,498.15155029296875,171.84658813476562,409.3526611328125,181.89889526367188,103.64547729492188,84.80284118652344,200.02999877929688
2024-03-19,500.91973876953125,174.18115234375,413.364501953125,182.9657745361328,104.37457275390625,85.04765319824219,199.8000030517578
2024-03-20,505.552978515625,176.7432098388672,417.111572265625,185.36390686035156,104.28229522705078,85.24708557128906,202.17999267578125
2024-03-21,507.22369384765625,169.5219268798828,421.17254638671875,187.94143676757812,104.74375915527344,85.25614166259766,201.97000122070312
2024-03-22,506.2620544433594,170.422119140625,420.5545654296875,185.63771057128906,104.74375915527344,85.6731948852539,200.35000610351562
2024-03-25,504.86334228515625,169.00753784179688,414.7868347167969,183.93826293945312,105.81436920166016,85.44656372070312,200.99000549316406
2024-03-26,503.9309387207031,167.87985229492188,413.59991455078125,184.7974090576172,105.0206527709961,85.5734634399414,201.63999938964844
2024-03-27,508.165771484375,171.4409942626953,413.3841857910156,188.37576293945312,106.10971069335938,85.89981842041016,203.10000610351562
2024-03-28,508.0686950683594,169.63075256347656,412.6877136230469,189.11216735839844,107.28182983398438,85.81825256347656,205.72000122070312
2024-04-01,507.18475341796875,168.19639587402344,416.4642028808594,187.828125,107.97402954101562,85.04173278808594,207.82000732421875
2024-04-02,503.9600524902344,167.01922607421875,413.3939208984375,187.75259399414062,110.08755493164062,84.85991668701172,210.88999938964844
2024-04-03,504.51361083984375,167.8204803466797,412.4228820800781,187.223876953125,110.10601043701172,84.95993041992188,212.74000549316406
2024-04-04,498.35552978515625,166.9994354248047,409.9019470214844,185.79940795898438,110.49363708496094,85.25086975097656,211.52000427246094
2024-04-05,503.5617370605469,167.75123596191406,417.3960876464844,187.5087890625,112.01648712158203,84.68714141845703,215.13999938964844
2024-04-08,503.8433532714844,166.63340759277344,416.4838562011719,188.4869384765625,111.25968170166016,84.4961929321289,216.47999572753906
2024-04-09,504.4263000488281,167.8402557373047,418.1415710449219,187.22386169433594,111.84111785888672,84.83262634277344,217.6699981689453
2024-04-10,499.3753967285156,165.97064208984375,415.1791687011719,185.62844848632812,112.78250885009766,83.70515441894531,215.61000061035156
2024-04-11,503.1441345214844,173.15232849121094,419.7600402832031,185.59043884277344,112.40410614013672,83.58695220947266,219.8000030517578
2024-04-12,496.19915771484375,174.64608764648438,413.84515380859375,173.58688354492188,111.09353637695312,83.93245697021484,216.88999938964844
2024-04-15,489.9827880859375,170.8277130126953,405.7428894042969,173.68182373046875,110.45671844482422,83.39601135253906,220.9499969482422
2024-04-16,489.0890808105469,167.5533905029297,406.6649169921875,171.69708251953125,109.54302978515625,83.06867980957031,221.22000122070312
2024-04-17,486.19451904296875,166.18824768066406,403.97723388671875,171.0133056640625,109.48764038085938,83.59603118896484,219.58999633789062
2024-04-18,485.1941223144531,165.23861694335938,396.55169677734375,172.1244354248047,109.3861083984375,83.30509948730469,220.33999633789062
2024-04-19,480.95916748046875,163.22064208984375,391.50006103515625,176.44534301757812,110.64131164550781,83.41419982910156,221.02999877929688
2024-04-22,485.3883972167969,164.0515594482422,393.30499267578125,179.8735809326172,111.26890563964844,83.42329406738281,215.57000732421875
2024-04-23,491.1482849121094,165.10012817382812,399.7887878417969,182.46612548828125,111.70267486572266,83.53238677978516,215.0399932861328
2024-04-24,490.91522216796875,167.19729614257812,401.25030517578125,183.3588104248047,111.72113800048828,83.2778091430664,214.63999938964844
2024-04-25,489.0502624511719,168.0579071044922,391.4216003417969,183.63418579101562,111.97956848144531,82.95956420898438,215.9199981689453
2024-04-26,493.6834716796875,167.47427368164062,398.5626525878906,183.74815368652344,108.86927795410156,83.18688201904297,216.6199951171875
2024-04-29,495.43182373046875,171.6289520263672,394.5702819824219,183.5487060546875,110.41980743408203,83.5233154296875,216.17999267578125
2024-04-30,487.5835876464844,168.4931640625,381.8969421386719,182.08624267578125,109.1553726196289,83.13230895996094,211.8699951171875
2024-05-01,486.00030517578125,167.47427368164062,387.3999328613281,182.2002410888672,107.0880126953125,83.46155548095703,213.7899932861328
2024-05-02,490.5460510253906,171.1640167236328,390.2445068359375,182.01028442382812,107.28182983398438,83.85368347167969,213.1300048828125
2024-05-03,496.6265869140625,181.40240478515625,398.8961486816406,180.91819763183594,107.0603256225586,84.31877899169922,212.9600067138672
2024-05-06,501.755126953125,179.75042724609375,405.644775390625,182.3331756591797,107.75252532958984,84.3917465209961,215.1999969482422
2024-05-07,502.30877685546875,180.43296813964844,401.52496337890625,182.0957489013672,107.21723175048828,84.6105728149414,214.2100067138672
2024-05-08,502.3572998046875,180.76931762695312,402.70208740234375,185.79940795898438,107.19877624511719,84.37348175048828,213.5800018310547
2024-05-09,505.2518615722656,182.57958984375,404.4480285644531,187.55624389648438,109.31229400634766,84.62883758544922,216.9499969482422
2024-05-10,505.9027099609375,181.3215789794922,406.8218688964844,188.76231384277344,108.86927795410156,84.35523986816406,218.7100067138672
2024-05-13,505.97064208984375,184.5210723876953,405.82135009765625,188.72433471679688,108.82312774658203,84.45556640625,216.25999450683594
2024-05-14,508.2920227050781,185.6602020263672,408.6071472167969,191.36434936523438,109.48373413085938,84.70179748535156,218.08999633789062
2024-05-15,514.5863647460938,187.92861938476562,415.7511901855469,191.9341583251953,110.33043670654297,85.34016418457031,220.88999938964844
2024-05-16,513.5274658203125,188.04745483398438,413.6973876953125,192.27601623535156,109.66983032226562,85.1760025024414,220.02999877929688
2024-05-17,514.2657470703125,188.07717895507812,412.930908203125,194.47921752929688,111.31668853759766,84.91153717041016,223.66000366210938
2024-05-20,514.8582763671875,189.2361297607422,417.9720153808594,185.73291015625,110.41415405273438,84.78388214111328,224.55999755859375
2024-05-21,516.1209716796875,190.5337677001953,421.60797119140625,189.4745635986328,109.65120697021484,85.00274658203125,224.22999572753906
2024-05-22,514.6348876953125,189.09747314453125,423.06231689453125,188.3254852294922,107.44609069824219,84.89329528808594,220.11000061035156
2024-05-23,510.8758850097656,185.1154327392578,419.603271484375,187.0054473876953,105.61314392089844,84.59237670898438,215.72000122070312
2024-05-24,514.2559814453125,188.18612670898438,422.7085876464844,190.60464477539062,105.52940368652344,84.70179748535156,215.9199981689453
2024-05-28,514.6153564453125,188.196044921875,422.86578369140625,189.45553588867188,106.86922454833984,84.22756958007812,218.19000244140625
2024-05-29,511.0118713378906,188.4932098388672,421.7357177734375,188.1355438232422,105.72478485107422,83.81720733642578,216.16000366210938
2024-05-30,507.62188720703125,189.4837646484375,407.48687744140625,189.2941131591797,106.05975341796875,84.23670196533203,216.57000732421875
2024-05-31,512.2453002929688,190.43470764160156,407.9389343261719,192.42794799804688,109.10226440429688,84.62883758544922,215.3000030517578
2024-06-03,512.6630249023438,192.19789123535156,406.35675048828125,191.6587677001953,106.48773956298828,85.18310546875,217.22000122070312
2024-06-04,513.2362060546875,192.514892578125,408.86260986328125,189.13265991210938,104.83158111572266,85.64962005615234,215.27000427246094
2024-06-05,519.3359985351562,194.02052307128906,416.66510009765625,187.32833862304688,105.25027465820312,85.96058654785156,217.82000732421875
2024-06-06,519.3262329101562,192.64366149902344,417.166259765625,186.9959716796875,106.04114532470703,85.92403411865234,219.42999267578125
2024-06-07,518.6950073242188,195.0308837890625,416.5078430175781,189.8828887939453,104.90602111816406,85.01847076416016,211.60000610351562
2024-06-10,520.297607421875,191.29649353027344,420.4582214355469,189.56002807617188,105.21305847167969,84.83554077148438,213.5399932861328
2024-06-11,521.5505981445312,205.1940155029297,425.18487548828125,184.5743408203125,104.36637115478516,85.28372955322266,214.14999389648438
2024-06-12,525.834228515625,211.05812072753906,433.41973876953125,181.88682556152344,103.2126235961914,85.75936126708984,214.72000122070312
2024-06-13,526.8928833007812,212.21705627441406,433.9306945800781,183.9095916748047,102.38455200195312,86.32646179199219,212.97000122070312
2024-06-14,527.2135620117188,210.4835968017578,434.903564453125,184.02354431152344,101.51924896240234,86.5277099609375,215.72999572753906
2024-06-17,531.4096069335938,214.62411499023438,440.6031494140625,185.16314697265625,100.82142639160156,86.125244140625,214.61000061035156
2024-06-18,532.759765625,212.26657104492188,438.6083068847656,187.0814208984375,101.77045440673828,86.50023651123047,215.47000122070312
2024-06-20,531.3124389648438,207.70010375976562,437.9793701171875,188.66734313964844,103.96627807617188,86.2807388305664,218.16000366210938
2024-06-21,530.60009765625,205.5308074951172,441.9886474609375,186.4167022705078,103.05447387695312,86.29902648925781,214.77999877929688
2024-06-24,528.8753662109375,206.17466735839844,439.9151916503906,188.8667755126953,106.1155776977539,86.3721923828125,215.6300048828125
2024-06-25,530.9119262695312,207.0959014892578,443.13836669921875,188.09756469726562,106.41331481933594,86.44537353515625,214.55999755859375
2024-06-26,531.5745849609375,211.2364044189453,444.32745361328125,187.48977661132812,106.4505386352539,85.92403411865234,212.5800018310547
2024-06-27,532.41259765625,212.07839965820312,445.0054931640625,189.1421661376953,106.90644073486328,86.11609649658203,214.99000549316406
2024-06-28,530.3175048828125,208.63124084472656,439.2077331542969,192.07659912109375,107.11114501953125,85.65875244140625,215.00999450683594
2024-07-01,531.408935546875,214.703369140625,448.8183288574219,195.10598754882812,106.96227264404297,85.02110290527344,215.57000732421875
2024-07-02,534.9851684570312,218.19015502929688,451.3241271972656,198.3157958984375,106.23654174804688,85.34223937988281,215.55999755859375
2024-07-03,537.37255859375,219.4580535888672,452.7882385253906,198.18284606933594,106.77619171142578,85.91105651855469,217.99000549316406
2024-07-05,540.4713134765625,224.2028045654297,459.460693359375,195.5568389892578,105.48287200927734,86.38813781738281,220.92999267578125
2024-07-08,541.094970703125,225.66885375976562,458.16357421875,195.91970825195312,104.37566375732422,86.41566467285156,218.19000244140625
2024-07-09,541.6211547851562,226.5207061767578,451.57965087890625,198.268798828125,103.22193908691406,86.29639434814453,218.55999755859375
2024-07-10,546.980712890625,230.7801055908203,458.1733703613281,198.43113708496094,104.13375854492188,86.37895965576172,219.36000061035156
2024-07-11,542.2642211914062,225.4211883544922,446.8234558105469,198.096923828125,105.37123107910156,86.92942810058594,223.25
2024-07-12,545.6846313476562,228.3631591796875,445.693359375,195.70008850097656,105.38983917236328,87.1129150390625,223.11000061035156
2024-07-15,547.1854248046875,232.1867218017578,446.0962829589844,200.57969665527344,107.19487762451172,86.83767700195312,223.8300018310547
2024-07-16,550.4302368164062,232.602783203125,441.7331848144531,203.98873901367188,107.96712493896484,87.22300720214844,228.2899932861328
2024-07-17,542.7124633789062,226.7188262939453,435.8371276855469,207.0922088623047,109.45582580566406,87.29642486572266,227.22999572753906
2024-07-18,538.5418701171875,222.063232421875,432.74169921875,200.5128631591797,110.53511810302734,87.04869079589844,225.77999877929688
2024-07-19,534.9656372070312,222.19200134277344,429.5380859375,200.3218536376953,107.99504852294922,86.77346801757812,221.72999572753906
2024-07-22,540.481201171875,221.8452911376953,435.2671813964844,200.79934692382812,107.25069427490234,86.69088745117188,221.8000030517578
2024-07-23,539.6333618164062,222.8853759765625,437.14410400390625,200.8470458984375,105.52009582519531,86.75511932373047,222.5800018310547
2024-07-24,527.4039306640625,216.47647094726562,421.47039794921875,199.18551635742188,107.0087890625,86.56243133544922,221.8000030517578
2024-07-25,524.6559448242188,215.43637084960938,411.15228271484375,199.26190185546875,109.26042938232422,86.75511932373047,218.3300018310547
2024-07-26,530.5319213867188,215.90194702148438,417.9032287597656,202.6709747314453,109.1673812866211,87.16796112060547,220.6300048828125
2024-07-29,530.84375,216.1793212890625,419.3380126953125,201.34361267089844,108.02295684814453,87.31475830078125,220.32000732421875
2024-07-30,528.1542358398438,216.7340087890625,415.593994140625,205.48794555664062,109.94894409179688,87.49826049804688,222.52000427246094
2024-07-31,536.7391357421875,219.9830322265625,411.1031494140625,203.2056884765625,110.33972930908203,88.14048767089844,226.5500030517578
2024-08-01,529.1384887695312,216.29815673828125,409.8846130371094,198.5839385986328,108.8138198852539,88.5168685913086,225.77000427246094
2024-08-02,519.2866821289062,217.78399658203125,401.41387939453125,190.16159057617188,108.74869537353516,89.88800048828125,225.33999633789062
2024-08-05,504.1632385253906,207.2939910888672,388.3050231933594,186.11273193359375,106.78547668457031,89.98001098632812,222.47999572753906
2024-08-06,508.811279296875,205.27325439453125,392.687744140625,191.3074493408203,106.21793365478516,89.17941284179688,220.6999969482422
2024-08-07,505.4104309082031,207.8387908935547,391.5281677246094,191.36477661132812,107.63217163085938,88.85734558105469,220.5500030517578
2024-08-08,517.0941772460938,211.29583740234375,395.71441650390625,194.85975646972656,109.68842315673828,88.59046936035156,224.00999450683594
2024-08-09,519.3743286132812,214.19821166992188,398.9867248535156,196.5212860107422,110.58162689208984,88.94937133789062,224.55999755859375
2024-08-12,519.6473388671875,215.72540283203125,399.7630310058594,196.89370727539062,110.72120666503906,89.19783782958984,228.41000366210938
2024-08-13,528.1931762695312,219.43441772460938,406.83831787109375,198.56484985351562,109.66051483154297,89.59353637695312,228.05999755859375
2024-08-14,529.8594970703125,219.88064575195312,409.6389465332031,200.76113891601562,110.6746826171875,89.71316528320312,226.1999969482422
2024-08-15,538.9414672851562,222.8557891845703,414.482421875,202.0120849609375,111.35936737060547,89.15180206298828,226.91000366210938
2024-08-16,540.149658203125,224.17474365234375,411.9622497558594,204.3229522705078,110.8341293334961,89.32664489746094,231.99000549316406
2024-08-19,545.3143310546875,224.0160675048828,414.97467041015625,205.7362060546875,111.17178344726562,89.44628143310547,231.61000061035156
2024-08-20,544.4276733398438,224.63092041015625,418.19378662109375,204.84817504882812,107.46700286865234,89.8051528930664,232.4600067138672
2024-08-21,546.298583984375,224.52183532714844,417.5440673828125,204.924560546875,106.78231048583984,89.98924255371094,232.14999389648438
2024-08-22,542.010986328125,222.66732788085938,409.087646484375,206.86302185058594,107.60768127441406,89.57513427734375,229.3699951171875
2024-08-23,547.77001953125,224.95816040039062,410.3083801269531,208.46728515625,109.09896850585938,89.98924255371094,232.02000427246094
2024-08-26,546.4641723632812,225.29534912109375,407.05963134765625,209.2884979248047,111.43440246582031,89.87879943847656,232.75999450683594
2024-08-27,547.2144775390625,226.1383056640625,407.4042053222656,210.2529754638672,110.37454986572266,89.84198760986328,233.38999938964844
2024-08-28,544.0379028320312,224.61106872558594,404.21466064453125,211.3129425048828,109.28656005859375,89.79598236083984,231.75
2024-08-29,544.08642578125,227.88369750976562,406.6954345703125,212.1914520263672,110.79662322998047,89.63955688476562,232.9499969482422
2024-08-30,549.2803955078125,227.1002960205078,410.6529235839844,214.66470336914062,110.61841583251953,89.32664489746094,231.2899932861328
2024-09-03,537.9766845703125,220.9219512939453,403.07269287109375,210.36756896972656,108.30175018310547,89.91551208496094,230.2899932861328
2024-09-04,536.8756103515625,219.01788330078125,402.54107666015625,209.4412841796875,106.9792709350586,90.44159698486328,230.42999267578125
2024-09-05,535.5697631835938,220.53517150878906,402.03900146484375,207.81796264648438,106.14452362060547,90.65389251708984,232.35000610351562
2024-09-06,526.5560302734375,218.98812866210938,395.4530334472656,202.8810272216797,105.6474380493164,90.78308868408203,230.6300048828125
2024-09-09,532.45166015625,219.07737731933594,399.4105224609375,207.034912109375,107.87030029296875,90.91230773925781,231.60000610351562
2024-09-10,534.770751953125,218.2840118408203,407.7586975097656,196.29209899902344,103.9404067993164,91.29996490478516,232.6199951171875
2024-09-11,540.2569580078125,220.8128662109375,416.461181640625,197.88682556152344,102.90870666503906,91.2353744506836,232.25
2024-09-12,544.8076782226562,220.9219512939453,420.359619140625,197.28524780273438,104.32496643066406,91.0876693725586,236.3300018310547
2024-09-13,547.6530151367188,220.65420532226562,423.8937683105469,195.10806274414062,104.24993133544922,91.26305389404297,238.67999267578125
2024-09-16,548.4617919921875,214.5254669189453,424.632080078125,198.48843383789062,105.71308898925781,91.50301361083984,238.66000366210938
2024-09-17,548.6859130859375,214.99154663085938,428.38287353515625,199.81576538085938,107.09183502197266,91.33690643310547,237.33999633789062
2024-09-18,547.0587158203125,218.8591766357422,424.1103820800781,198.1732940673828,107.46700286865234,90.94002532958984,235.50999450683594
2024-09-19,556.3939208984375,226.97132873535156,431.8677673339844,200.9903106689453,108.7988510131836,90.86614227294922,239.1699981689453
2024-09-20,555.4320678710938,226.30691528320312,428.5009765625,201.57281494140625,108.1141586303711,90.8384780883789,242.2100067138672
2024-09-23,556.8200073242188,224.5912628173828,426.7683410644531,201.9070281982422,110.07442474365234,90.78308868408203,242.67999267578125
2024-09-24,558.4133911132812,225.4837646484375,422.495849609375,202.05026245117188,109.78366088867188,90.8846435546875,246.07000732421875
2024-09-25,557.1817016601562,224.49209594726562,425.3901062011719,200.71337890625,107.64518737792969,90.51544952392578,245.72999572753906
2024-09-26,559.3908081054688,225.63253784179688,424.6025695800781,200.3218536376953,105.79749298095703,90.45081329345703,246.97999572753906
2024-09-27,558.5794067382812,225.90028381347656,421.3637390136719,201.00938415527344,108.63002014160156,90.81078338623047,245.02000427246094
2024-09-30,560.8177490234375,231.06707763671875,423.6082763671875,201.35316467285156,109.94310760498047,90.56157684326172,243.05999755859375
2024-10-01,555.793701171875,224.33343505859375,414.1477355957031,197.7053985595703,112.48487854003906,90.89112854003906,245.61000061035156
2024-10-02,556.0283813476562,224.89871215820312,410.6430969238281,197.94412231445312,113.97615814208984,90.63192749023438,245.66000366210938
2024-10-03,555.0117797851562,223.7978973388672,410.062255859375,195.97702026367188,114.9703598022461,90.1690902709961,245.49000549316406
2024-10-04,560.055419921875,224.91848754882812,409.5897216796875,202.9329376220703,117.0806884765625,89.29898834228516,245.0
2024-10-07,554.9922485351562,219.8509063720703,403.1711120605469,202.65432739257812,117.58716583251953,88.97500610351562,244.1699981689453
2024-10-08,560.2411499023438,223.89706420898438,408.2607421875,202.4813995361328,114.46389770507812,89.04905700683594,242.3699951171875
2024-10-09,564.1215209960938,227.63577270507812,410.9679260253906,205.04661560058594,114.51078033447266,88.71582794189453,241.0500030517578
2024-10-10,563.1343994140625,227.13990783691406,409.3731384277344,204.4893798828125,115.49560546875,88.7065658569336,242.82000732421875
2024-10-11,566.5064697265625,225.66229248046875,409.845703125,213.568603515625,115.9364242553711,88.73432922363281,245.47000122070312
2024-10-14,571.1397094726562,229.38119506835938,412.6218566894531,212.7904052734375,116.37725067138672,88.57697296142578,245.07000732421875
2024-10-15,566.7021484375,231.9100341796875,412.22802734375,213.66468811035156,112.87879943847656,89.0305404663086,245.9199981689453
2024-10-16,569.1651611328125,229.85720825195312,409.6487731933594,214.8656463623047,113.16956329345703,89.16938781738281,247.14999389648438
2024-10-17,569.214111328125,230.22412109375,410.2394714355469,215.6150665283203,112.87879943847656,88.7065658569336,248.6300048828125
2024-10-18,571.403564453125,233.05050659179688,411.65704345703125,216.52780151367188,112.55989837646484,88.80838012695312,251.27000427246094
2024-10-21,570.4652099609375,234.5181884765625,412.2674255371094,214.2507781982422,112.62555694580078,88.12336730957031,251.22000122070312
2024-10-22,570.1621704101562,233.90335083007812,420.8616638183594,215.3268280029297,113.20706939697266,88.04006958007812,253.92999267578125
2024-10-23,564.9523315429688,228.84564208984375,417.9969177246094,214.64466857910156,112.80377960205078,87.83643341064453,250.8699951171875
2024-10-24,566.1741333007812,228.6572265625,418.1248779296875,216.15309143066406,112.16597747802734,88.03083038330078,252.8000030517578
2024-10-25,565.9786987304688,229.49026489257812,421.4917297363281,213.5878448486328,112.07218933105469,87.83643341064453,253.32000732421875
2024-10-28,567.7283935546875,231.46376037597656,419.9559631347656,216.65269470214844,111.5188217163086,87.63278198242188,253.3300018310547
2024-10-29,568.6471557617188,231.7315216064453,425.232666015625,214.15469360351562,109.99938201904297,87.66979217529297,256.0899963378906
2024-10-30,566.9268798828125,228.19114685058594,425.8036193847656,215.60545349121094,109.44601440429688,87.54022216796875,257.5
2024-10-31,555.813232421875,224.03590393066406,400.0307312011719,213.21315002441406,109.53042602539062,87.49394226074219,253.50999450683594
2024-11-01,558.1591796875,221.06077575683594,403.9881896972656,214.19313049316406,107.81402587890625,86.97581481933594,252.47000122070312
2024-11-04,556.9569091796875,220.16824340820312,402.10791015625,211.15708923339844,111.24681091308594,87.4400863647461,252.8300018310547
2024-11-05,563.6914672851562,221.59629821777344,405.06121826171875,212.8000030517578,111.57508087158203,87.48648071289062,253.39999389648438
2024-11-06,577.7079467773438,220.87234497070312,413.6456298828125,237.36679077148438,113.48844909667969,86.58582305908203,245.6999969482422
2024-11-07,582.1749877929688,225.5928497314453,418.81402587890625,227.10581970214844,113.62914276123047,87.2822265625,249.64999389648438
2024-11-08,584.6967163085938,225.32481384277344,415.96893310546875,227.68226623535156,113.59161376953125,87.46792602539062,247.9600067138672
2024-11-11,585.25390625,222.6144561767578,411.5093688964844,229.90162658691406,112.99134826660156,87.22651672363281,242.13999938964844
2024-11-12,583.4358520507812,222.6144561767578,416.45135498046875,230.16102600097656,112.87879943847656,86.6786880493164,240.0500030517578
2024-11-13,583.71923828125,223.49806213378906,418.58758544921875,231.69827270507812,113.92926788330078,86.62296295166016,237.6300048828125
2024-11-14,579.9659423828125,226.57574462890625,420.25128173828125,232.38038635253906,114.00492095947266,86.61369323730469,237.00999450683594
2024-11-15,572.5374145507812,223.3789520263672,408.54620361328125,235.68544006347656,112.82289123535156,86.65081024169922,236.58999633789062
2024-11-18,574.88330078125,226.377197265625,409.2944030761719,235.4164581298828,113.76850891113281,86.84583282470703,241.08999633789062
2024-11-19,576.984619140625,226.6352996826172,411.2928161621094,233.55255126953125,112.17985534667969,87.0315170288086,243.25
2024-11-20,577.1802368164062,227.35012817382812,409.028564453125,231.3331756591797,113.77796936035156,86.90153503417969,244.6199951171875
2024-11-21,580.2786865234375,226.87355041503906,407.26287841796875,235.15704345703125,115.3004379272461,86.85508728027344,246.66000366210938
2024-11-22,582.0772094726562,228.2138214111328,411.3368225097656,238.79832458496094,115.16804504394531,86.91082000732422,249.83999633789062
2024-11-25,584.0516357421875,231.1922149658203,413.10247802734375,240.4700469970703,113.44700622558594,87.84864807128906,242.47999572753906
2024-11-26,587.1012573242188,233.366455078125,422.177490234375,240.16261291503906,111.55574035644531,87.66292572021484,242.9499969482422
2024-11-27,585.3223266601562,233.2373809814453,417.2454833984375,239.98968505859375,111.26260375976562,88.01577758789062,243.49000549316406
2024-11-29,588.9584350585938,235.6201171875,417.7091064453125,239.9224395751953,111.54629516601562,88.38721466064453,245.58999633789062
2024-12-02,590.0139770507812,237.8638153076172,425.1269836425781,236.58856201171875,111.44226837158203,88.37972259521484,243.44000244140625
2024-12-03,590.2877807617188,240.90176391601562,425.343994140625,235.21466064453125,111.27204895019531,88.1282730102539,243.92999267578125
2024-12-04,593.9531860351562,241.25917053222656,431.4794921875,233.8503875732422,108.0663833618164,88.46356201171875,244.6699981689453
2024-12-05,592.9757080078125,241.28895568847656,436.6088562011719,235.84878540039062,108.53919219970703,88.4542465209961,242.86000061035156
2024-12-06,594.0997924804688,241.0904083251953,437.54595947265625,237.65504455566406,107.39497375488281,88.73365020751953,242.9499969482422
2024-12-09,591.0404052734375,244.97222900390625,439.9626770019531,234.24429321289062,106.76140594482422,88.42630767822266,245.36000061035156
2024-12-10,589.2027587890625,245.98487854003906,437.3092041015625,233.33157348632812,106.54391479492188,88.26797485351562,248.58999633789062
2024-12-11,593.7576293945312,244.71412658691406,442.8923645019531,233.9752655029297,105.83468627929688,88.0071792602539,250.9600067138672
2024-12-12,590.6983032226562,246.17352294921875,443.4546203613281,232.0537567138672,105.7401351928711,87.6718521118164,247.27999877929688
2024-12-13,590.5809326171875,246.34228515625,441.1956787109375,230.52613830566406,104.81341552734375,87.26206970214844,244.2899932861328
2024-12-16,593.102783203125,249.2313232421875,445.45703125,230.1802520751953,102.5722885131836,87.28999328613281,244.8800048828125
2024-12-17,590.6591796875,251.65374755859375,448.2880859375,229.0081329345703,102.13729095458984,87.28999328613281,243.94000244140625
2024-12-18,573.055419921875,246.2628936767578,431.4499206542969,221.3316192626953,100.63373565673828,86.6153335571289,239.25999450683594
2024-12-19,572.8794555664062,247.99032592773438,431.0947265625,223.8199920654297,99.77320861816406,86.22283172607422,239.60000610351562
2024-12-20,579.7603149414062,252.656494140625,430.6706237792969,228.2779541015625,100.1136474609375,86.5405502319336,242.10000610351562
2024-12-23,583.2319946289062,253.4308624267578,429.3389587402344,229.03695678710938,100.520263671875,86.15744018554688,240.9600067138672
2024-12-24,589.7147827148438,256.3397216796875,433.363525390625,232.8031463623047,100.61483001708984,86.20414733886719,241.44000244140625
2024-12-26,589.7540283203125,257.15380859375,432.1601257324219,233.60060119628906,100.69992065429688,86.26956176757812,243.07000732421875
2024-12-27,583.5459594726562,253.74855041503906,424.68310546875,231.70787048339844,100.69049072265625,86.0452880859375,241.39999389648438
2024-12-30,576.8866577148438,250.38296508789062,419.0604553222656,229.93048095703125,100.00962829589844,86.54991149902344,240.6300048828125
2024-12-31,574.7880249023438,248.61578369140625,415.77569580078125,230.30517578125,101.72120666503906,86.39105224609375,242.1300048828125
2025-01-02,573.3756713867188,242.09312438964844,412.8953552246094,230.5837860107422,101.47535705566406,86.43777465820312,245.4199981689453
2025-01-03,580.544921875,241.60665893554688,417.6005554199219,233.735107421875,101.99544525146484,86.29761505126953,243.49000549316406
2025-01-06,583.8892211914062,243.23484802246094,422.0394287109375,232.59552001953125,101.8819580078125,86.2134780883789,243.19000244140625
2025-01-07,577.288818359375,240.46493530273438,416.6338806152344,234.83604431152344,102.83704376220703,85.82102966308594,244.55999755859375
2025-01-08,578.1322631835938,240.95138549804688,418.79412841796875,234.79739379882812,101.11601257324219,85.97054290771484,245.86000061035156
2025-01-10,569.3056640625,235.1435546875,413.2603759765625,231.6490936279297,100.74720764160156,85.3444595336914,248.2100067138672
2025-01-13,570.1883544921875,232.71121215820312,411.5242004394531,235.84039306640625,103.34768676757812,85.1949234008789,245.74000549316406
2025-01-14,570.972900390625,231.59927368164062,410.0248718261719,238.9886474609375,103.75431823730469,85.22299194335938,247.02999877929688
2025-01-15,581.3588256835938,236.15621948242188,420.5203857421875,243.701416015625,105.44699096679688,86.12006378173828,248.8800048828125
2025-01-16,580.2408447265625,226.61546325683594,418.8138732910156,245.55560302734375,105.26731872558594,86.32564544677734,250.60000610351562
2025-01-17,586.0664672851562,228.3230438232422,423.2034606933594,250.2779998779297,106.21294403076172,86.39105224609375,249.27000427246094
2025-01-21,591.4309692382812,221.0359344482422,422.68060302734375,254.01536560058594,105.4091567993164,86.68074035644531,253.1300048828125
2025-01-22,594.7557373046875,222.2173614501953,440.1402587890625,253.83193969726562,103.57463836669922,86.45645904541016,254.42999267578125
2025-01-23,598.001953125,222.04859924316406,440.643310546875,256.8353271484375,104.16093444824219,86.23220825195312,254.07000732421875
2025-01-24,596.2561645507812,221.17491149902344,438.029296875,255.7633056640625,102.751953125,86.40974426269531,255.64999389648438
2025-01-27,587.8218994140625,228.20391845703125,428.6583251953125,256.7387390136719,104.17984008789062,86.97040557861328,252.99000549316406
2025-01-28,592.8726806640625,236.5433807373047,441.126708984375,257.98455810546875,102.16566467285156,86.9797592163086,255.17999267578125
2025-01-29,590.2149658203125,237.63546752929688,436.32281494140625,257.4436950683594,102.76140594482422,86.87696838378906,254.1999969482422
2025-01-30,593.3826293945312,235.87818908691406,409.3540954589844,259.03717041015625,103.61246490478516,87.06387329101562,258.04998779296875
2025-01-31,590.2246704101562,234.29966735839844,409.42315673828125,258.1390075683594,101.02145385742188,86.9236831665039,258.55999755859375
2025-02-03,586.2528076171875,226.3672332763672,405.3393859863281,257.66583251953125,101.2673110961914,86.9855728149414,259.94000244140625
2025-02-04,590.1854858398438,231.12271118164062,406.7696838378906,258.7571716308594,103.98126220703125,87.20117950439453,262.5
2025-02-05,592.5784912109375,230.79510498046875,407.67718505859375,261.1617431640625,103.90560150146484,87.70740509033203,264.1300048828125
2025-02-06,594.6380615234375,231.53970336914062,410.1728210449219,267.4100341796875,102.53446197509766,87.60427856445312,263.42999267578125
2025-02-07,589.1950073242188,225.99000549316406,404.18524169921875,266.3477478027344,102.96944427490234,87.31367492675781,263.8999938964844
2025-02-10,593.1963500976562,226.25831604003906,406.6217041015625,261.7508544921875,104.93634796142578,87.29491424560547,268.3699951171875
2025-02-11,593.6474609375,231.1979522705078,405.8523254394531,265.5654602050781,105.5982894897461,87.0699234008789,267.3900146484375
2025-02-12,591.7350463867188,235.42198181152344,403.48492431640625,266.0097351074219,102.42117309570312,86.469970703125,267.6700134277344
2025-02-13,597.9822387695312,240.05349731445312,404.9645080566406,266.8498840332031,103.16536712646484,87.11682891845703,270.30999755859375
2025-02-14,597.952880859375,243.10472106933594,402.8832092285156,267.11065673828125,103.27030944824219,87.482421875,266.2900085449219
2025-02-18,599.7083740234375,242.97552490234375,404.0767822265625,270.3554992675781,105.08308410644531,87.01368713378906,270.70001220703125
2025-02-19,601.1206665039062,243.373046875,409.1370849609375,269.6794738769531,105.2357406616211,87.154296875,270.8500061035156
2025-02-20,598.6198120117188,244.3271942138672,411.3016662597656,257.6561279296875,106.8576889038086,87.33240509033203,270.989990234375
2025-02-21,588.3809204101562,244.04891967773438,403.4735412597656,255.18389892578125,105.60784149169922,87.8479995727539,270.739990234375
2025-02-24,585.7034301757812,245.58944702148438,399.3123779296875,252.38327026367188,106.16119384765625,88.03549194335938,272.2099914550781
2025-02-25,582.7908325195312,245.52981567382812,393.283203125,248.57830810546875,104.69190216064453,88.72920989990234,268.6199951171875
2025-02-26,583.0850219726562,238.89064025878906,395.09197998046875,249.92066955566406,104.43429565429688,88.97295379638672,269.0299987792969
2025-02-27,573.7777099609375,235.849365234375,387.97552490234375,250.17173767089844,105.0926284790039,88.86984252929688,264.92999267578125
2025-02-28,582.73193359375,240.36160278320312,392.38372802734375,255.579833984375,106.21844482421875,89.3572998046875,263.2699890136719
2025-03-03,572.5224609375,236.57489013671875,383.9823913574219,251.68798828125,102.8123550415039,89.681640625,266.739990234375
2025-03-04,565.74560546875,234.4877166748047,384.1009521484375,241.6733856201172,102.60246276855469,89.39960479736328,269.05999755859375
2025-03-05,571.8261108398438,234.29888916015625,396.3669738769531,242.90951538085938,100.59886932373047,88.90133666992188,269.6199951171875
2025-03-06,561.6755981445312,233.89138793945312,392.2849426269531,238.09051513671875,102.67879486083984,88.85433197021484,268.25
2025-03-07,564.82373046875,237.60853576660156,388.7464599609375,233.9765167236328,104.0145034790039,88.74150848388672,268.3900146484375
2025-03-10,549.779296875,226.08938598632812,375.7490234375,224.2613067626953,106.66686248779297,89.36201477050781,266.0400085449219
2025-03-11,545.208984375,219.48995971679688,376.0357360839844,221.286865234375,104.14807891845703,89.0423583984375,269.1600036621094
2025-03-12,548.1021728515625,215.653564453125,378.82293701171875,220.08935546875,104.11944580078125,88.77912139892578,270.3299865722656
2025-03-13,540.7957153320312,208.39816284179688,374.3751525878906,217.47225952148438,103.6805648803711,89.13636779785156,275.1300048828125
2025-03-14,551.96630859375,212.18492126464844,384.05157470703125,224.47377014160156,106.76227569580078,88.82612609863281,275.239990234375
2025-03-17,556.2227172851562,212.69178771972656,384.19000244140625,225.91270446777344,108.53688049316406,88.90133666992188,276.7300109863281
2025-03-18,550.2107543945312,211.38980102539062,379.070068359375,226.9170379638672,108.4223861694336,89.00474548339844,279.9599914550781
2025-03-19,556.2030639648438,213.9241943359375,383.3201599121094,230.91517639160156,110.11111450195312,89.27738189697266,281.1099853515625
2025-03-20,554.5947265625,212.7911834716797,382.3515625,230.818603515625,110.57861328125,89.40900421142578,280.75
2025-03-21,554.777587890625,216.93568420410156,386.72027587890625,233.34881591796875,110.19699096679688,89.33380889892578,278.489990234375
2025-03-24,564.712890625,219.38064575195312,388.5191345214844,239.5584259033203,110.48321533203125,88.81671142578125,277.25
2025-03-25,566.0703735351562,222.38217163085938,390.5749816894531,242.52322387695312,111.2369384765625,88.96715545654297,278.4700012207031
2025-03-26,559.3125,220.1757354736328,385.4451904296875,242.42665100097656,112.83979797363281,88.76030731201172,278.239990234375
2025-03-27,557.8270874023438,222.48158264160156,386.0481262207031,239.61636352539062,112.47725677490234,88.6850814819336,281.9700012207031
2025-03-28,546.5934448242188,216.56793212890625,374.40478515625,234.52699279785156,112.32460021972656,89.39960479736328,284.05999755859375
2025-03-31,550.2625122070312,220.7720947265625,371.0343933105469,236.89303588867188,113.4695053100586,89.66287994384766,288.1400146484375
2025-04-01,551.8167114257812,221.82559204101562,377.7554931640625,235.30923461914062,113.5744400024414,89.97786712646484,287.57000732421875
2025-04-02,555.308837890625,222.5213165283203,377.7060852050781,237.39520263671875,113.221435546875,89.89299011230469,288.1600036621094
2025-04-03,527.9427490234375,201.94784545898438,368.7807922363281,220.852294921875,107.26793670654297,90.8172836303711,286.4200134277344
2025-04-04,497.03546142578125,187.2283935546875,355.6647644042969,204.32408142089844,99.54936981201172,91.07193756103516,279.7200012207031
2025-04-07,496.150146484375,180.35072326660156,353.7077941894531,208.3662567138672,98.21366882324219,89.98731994628906,273.7099914550781
2025-04-08,488.3790283203125,171.36598205566406,350.4460754394531,210.7274169921875,96.14329528808594,89.53459167480469,275.20001220703125
2025-04-09,539.6682739257812,197.6343994140625,385.95916748046875,227.70257568359375,100.9423599243164,89.25165557861328,285.3800048828125
2025-04-10,516.0205078125,189.25592041015625,376.9252624511719,220.67738342285156,95.34186553955078,88.6951675415039,292.3500061035156
2025-04-11,525.2278442382812,196.9386749267578,383.94287109375,229.50991821289062,98.40447998046875,88.19530487060547,297.92999267578125
2025-04-14,530.3233032226562,201.281982421875,383.310302734375,228.07183837890625,98.64300537109375,88.90266418457031,296.2300109863281
2025-04-15,528.8378295898438,200.90428161621094,381.25439453125,226.52687072753906,98.36631774902344,89.16675567626953,297.7799987792969
2025-04-16,517.0828857421875,193.08238220214844,367.2982177734375,223.10655212402344,99.40628051757812,89.5534439086914,307.4700012207031
2025-04-17,517.8206176757812,195.7758331298828,363.5126647949219,225.39002990722656,102.01091766357422,89.29879760742188,306.1199951171875
2025-04-21,505.4951477050781,191.97915649414062,354.9531555175781,222.50413513183594,100.51300811767578,88.81776428222656,315.5899963378906
2025-04-22,518.6469116210938,198.51898193359375,362.5638427734375,228.91717529296875,103.32756042480469,88.88380432128906,311.1099853515625
2025-04-23,526.68359375,203.34925842285156,370.0459899902344,234.05738830566406,102.44026184082031,88.9781265258789,303.6499938964844
2025-04-24,537.769775390625,207.09617614746094,382.8061828613281,237.7108612060547,103.64240264892578,89.45913696289062,308.07000732421875
2025-04-25,541.6553344726562,208.00062561035156,387.30340576171875,236.65174865722656,103.58515930175781,89.79867553710938,304.7300109863281
2025-04-28,541.8618774414062,208.85537719726562,386.6214294433594,236.33106994628906,103.64240264892578,90.15706634521484,309.07000732421875
2025-04-29,545.2752685546875,209.91885375976562,389.468017578125,237.69143676757812,103.38480377197266,90.46830749511719,306.05999755859375
2025-04-30,545.4916381835938,211.20094299316406,390.6738586425781,237.69143676757812,100.7801513671875,90.60980987548828,303.7699890136719
2025-05-01,549.3575439453125,212.0159454345703,420.464111328125,239.89712524414062,100.92327117919922,90.21521759033203,297.4599914550781
2025-05-02,557.5123291015625,204.09466552734375,430.2294921875,245.35794067382812,101.33352661132812,89.60958862304688,297.9800109863281
2025-05-05,554.3153076171875,197.67417907714844,431.1091613769531,245.4065399169922,98.52851104736328,89.44873046875,306.8800048828125
2025-05-06,549.6820678710938,197.29647827148438,428.2823486328125,242.19029235839844,99.90238952636719,89.67585754394531,315.4800109863281
2025-05-07,551.9938354492188,195.05026245117188,428.3218994140625,242.32632446289062,99.80697631835938,89.91242218017578,310.75
2025-05-08,555.8400268554688,196.28269958496094,433.08599853515625,246.29078674316406,101.19995880126953,89.21219635009766,304.6300048828125
2025-05-09,555.1318359375,197.31634521484375,433.63946533203125,245.91180419921875,102.38302612304688,89.27843475341797,306.8399963378906
2025-05-12,573.4774780273438,209.776123046875,444.0472717285156,252.6844024658203,104.14807891845703,88.71067810058594,298.19000244140625
2025-05-13,577.2646484375,211.90582275390625,443.9287109375,255.56056213378906,104.43429565429688,88.64444732666016,299.4599914550781
2025-05-14,578.00244140625,211.30873107910156,447.6846008300781,258.1160888671875,103.49929809570312,88.3132553100586,293.1600036621094
2025-05-15,580.8256225585938,210.43296813964844,448.6946105957031,259.91363525390625,104.54883575439453,88.89047241210938,297.8399963378906
2025-05-16,584.5045776367188,210.24388122558594,449.8233947753906,259.981689453125,104.17330932617188,88.91885375976562,294.239990234375
2025-05-19,585.1439208984375,207.7758026123047,454.3784484863281,257.3775939941406,102.51717376708984,88.87155151367188,298.0299987792969
2025-05-20,583.1766357421875,205.8650360107422,453.685302734375,258.1549377441406,101.05359649658203,88.75800323486328,303.5799865722656
2025-05-21,573.3494262695312,201.1179962158203,448.1401062011719,253.6463623046875,99.8115005493164,88.14291381835938,305.82000732421875
2025-05-22,573.5758056640625,200.39149475097656,450.40765380859375,253.286865234375,99.1471176147461,88.47410583496094,303.1099853515625
2025-05-23,569.6607666015625,194.33078002929688,445.7734680175781,253.32568359375,99.20487976074219,88.72960662841797,309.75
2025-05-27,581.5043334960938,199.24703979492188,456.18060302734375,257.7759704589844,99.67668914794922,89.0986328125,304.5
2025-05-28,578.1401977539062,199.4560089111328,452.8831787109375,256.0269470214844,98.31904602050781,88.85261535644531,303.80999755859375
2025-05-29,580.4222412109375,198.98826599121094,454.1902770996094,256.88201904296875,98.87751007080078,89.22164916992188,305.6099853515625
2025-05-30,579.7730712890625,199.88394165039062,455.85382080078125,256.52252197265625,98.50199127197266,89.4865951538086,303.6000061035156
2025-06-02,583.0389404296875,200.7298583984375,457.4480895996094,257.1638488769531,99.2241439819336,89.18281555175781,311.6700134277344
2025-06-03,586.3637084960938,202.29232788085938,458.4382629394531,258.72821044921875,99.94629669189453,89.09736633300781,308.9100036621094
2025-06-04,586.2063598632812,201.844482421875,459.3294372558594,256.73626708984375,98.50199127197266,89.75242614746094,310.8999938964844
2025-06-05,583.3732299804688,199.6649932861328,463.1022033691406,254.5305938720703,98.04943084716797,89.48660278320312,309.3299865722656
2025-06-06,589.3639526367188,202.93917846679688,465.7757263183594,258.2035217285156,100.39884185791016,88.77458190917969,305.17999267578125
2025-06-09,589.8951416015625,200.48104858398438,468.12255859375,259.1849060058594,101.0728530883789,88.93598175048828,306.6199951171875
2025-06-10,593.2396850585938,201.6951904296875,466.31048583984375,260.9921875,103.23932647705078,89.08787536621094,306.7099914550781
2025-06-11,591.5476684570312,197.8238983154297,467.99383544921875,260.5549621582031,105.25172424316406,89.4581298828125,308.3699951171875
2025-06-12,593.8987426757812,198.24188232421875,474.1826171875,260.64239501953125,105.65613555908203,89.84736633300781,312.20001220703125
2025-06-13,587.2589111328125,195.50509643554688,470.3109130859375,257.44561767578125,107.95740509033203,89.51506805419922,316.2900085449219
2025-06-16,592.84619140625,197.46563720703125,474.45001220703125,262.7023620605469,108.30403900146484,89.25875854492188,311.7799987792969
2025-06-17,587.7802124023438,194.69900512695312,473.36077880859375,261.8861999511719,109.76760864257812,89.69547271728516,311.94000244140625
2025-06-18,587.691650390625,195.63449096679688,475.53924560546875,266.2004089355469,108.98768615722656,89.75242614746094,310.260009765625
2025-06-20,586.3114624023438,200.03323364257812,472.7270202636719,267.2109680175781,110.44161987304688,89.80937194824219,310.1300048828125
2025-06-23,592.1027221679688,200.5308074951172,481.24285888671875,270.3882751464844,107.59150695800781,90.12269592285156,311.0799865722656
2025-06-24,598.6438598632812,199.33657836914062,485.3125915527344,273.29364013671875,104.31774139404297,90.43596649169922,306.19000244140625
2025-06-25,598.9793090820312,200.59051513671875,487.45147705078125,276.0143127441406,104.34663391113281,90.47394561767578,307.1199951171875
2025-06-26,603.66552734375,200.03323364257812,492.580810546875,280.5715026855469,105.90648651123047,90.79672241210938,306.7799987792969
2025-06-27,606.664794921875,200.1128387451172,491.0855712890625,278.9779357910156,105.31913757324219,90.55937957763672,301.2200012207031
2025-06-30,609.5653686523438,204.1831512451172,492.5411682128906,281.69866943359375,103.79780578613281,90.9201431274414,304.8299865722656
2025-07-01,609.3681030273438,206.82041931152344,487.2336120605469,282.1844482421875,105.184326171875,90.75154876708984,307.54998779296875
2025-07-02,612.130615234375,211.418212890625,486.2830505371094,283.7294616699219,106.92713928222656,90.56108856201172,309.25
2025-07-03,616.9550170898438,212.52285766601562,493.9571838378906,289.00177001953125,108.03443908691406,90.24681091308594,307.1400146484375
2025-07-07,612.357421875,208.94017028808594,492.8481140136719,285.06707763671875,106.98490905761719,89.96109008789062,307.3699951171875
2025-07-08,612.0220947265625,208.99989318847656,491.7588806152344,276.0943298339844,109.95055389404297,89.8277587890625,304.1600036621094
2025-07-09,615.692138671875,210.12445068359375,498.5814514160156,276.4653625488281,109.57504272460938,90.2944107055664,305.5199890136719
2025-07-10,617.4285278320312,211.38833618164062,496.5713195800781,281.37640380859375,110.66307067871094,90.24681091308594,306.20001220703125
2025-07-11,615.258056640625,210.14437866210938,498.3933410644531,280.0778503417969,111.1445083618164,89.8277587890625,309.1400146484375
2025-07-14,616.4320678710938,207.61656188964844,498.0962219238281,281.8744201660156,109.6905746459961,89.78966522216797,308.010009765625
2025-07-15,613.7978515625,208.10421752929688,500.868896484375,279.7751770019531,108.71807098388672,89.43729400634766,306.7300109863281
2025-07-16,615.8499755859375,209.149169921875,500.67083740234375,279.0624694824219,108.06332397460938,89.68489837646484,308.260009765625
2025-07-17,619.6187133789062,209.00982666015625,506.6912841796875,283.0459899902344,107.51448822021484,89.65634155273438,307.5899963378906
2025-07-18,619.1649780273438,210.16424560546875,505.05743408203125,284.3836364746094,103.76890563964844,89.90394592285156,308.3900146484375
2025-07-21,620.3389892578125,211.4580078125,505.06732177734375,284.0906982421875,104.03850555419922,90.21825408935547,313.1300048828125
2025-07-22,620.427734375,213.36875915527344,500.3242492675781,284.5398254394531,104.51032257080078,90.4753646850586,316.1000061035156
2025-07-23,625.7060546875,213.11996459960938,500.9183654785156,289.7438049316406,105.84871673583984,90.15158081054688,312.17999267578125
2025-07-24,625.9132080078125,212.73184204101562,505.8793029785156,289.53875732421875,106.67678833007812,90.01824188232422,310.2699890136719
2025-07-25,628.5572509765625,212.8512725830078,508.681640625,291.5598449707031,106.30126190185547,90.22775268554688,307.3999938964844
2025-07-28,628.3994750976562,213.02047729492188,507.48345947265625,291.2278747558594,107.30265045166016,90.02774810791016,305.4100036621094
2025-07-29,626.7420043945312,210.2538299560547,507.55279541015625,290.01715087890625,108.6891860961914,90.61823272705078,306.25
2025-07-30,625.9526977539062,208.0445098876953,508.2162170410156,292.5459899902344,107.74557495117188,90.30394744873047,300.9599914550781
2025-07-31,623.6045532226562,206.57162475585938,528.2778930664062,289.2361145019531,107.4952163696289,90.38014221191406,302.9599914550781
2025-08-01,613.3834838867188,201.40658569335938,518.9797973632812,282.5285339355469,105.5694808959961,91.42066192626953,309.1099853515625
2025-08-04,622.706787109375,202.37193298339844,530.3969116210938,287.3029479980469,103.38375854492188,91.54488372802734,310.9100036621094
2025-08-05,619.5496826171875,201.94398498535156,522.584228515625,284.481201171875,103.25859069824219,91.47798919677734,311.1600036621094
2025-08-06,624.2952270507812,212.22430419921875,519.8016967773438,284.46173095703125,102.5556869506836,91.41112518310547,310.5
2025-08-07,623.7722778320312,218.97169494628906,515.7418212890625,280.1559753417969,102.01646423339844,91.34422302246094,313.1199951171875
2025-08-08,628.6361694335938,228.2468719482422,516.9300537109375,281.9329833984375,102.83492279052734,91.13401794433594,313.04998779296875
2025-08-11,627.39306640625,226.3438720703125,516.662841796875,282.71405029296875,101.90092468261719,91.16268920898438,308.54998779296875
2025-08-12,634.072265625,228.80479431152344,524.0595092773438,285.92626953125,102.18978881835938,91.1435775756836,308.2699890136719
2025-08-13,636.2428588867188,232.47125244140625,515.4844360351562,283.6611022949219,103.60521697998047,91.46843719482422,309.2099914550781
2025-08-14,636.302001953125,231.92327880859375,517.36572265625,287.2052917480469,103.39337921142578,91.17222595214844,307.25
2025-08-15,634.812255859375,230.73764038085938,515.078369140625,283.6220397949219,103.49056243896484,90.99070739746094,307.42999267578125
2025-08-18,634.6741333007812,230.0402374267578,512.0383911132812,284.6374816894531,103.7140884399414,90.90470886230469,306.95001220703125
2025-08-19,631.2308959960938,229.71144104003906,504.7801818847656,283.7880554199219,104.39437103271484,91.13401794433594,305.2699890136719
2025-08-20,629.5537109375,225.17819213867188,500.76983642578125,285.3306579589844,105.47310638427734,91.26776885986328,308.3599853515625
2025-08-21,627.028076171875,224.07228088378906,500.1251220703125,284.5788879394531,106.15339660644531,91.000244140625,307.2900085449219
2025-08-22,636.6571655273438,226.9217529296875,503.09075927734375,289.2361145019531,108.1456527709961,91.50664520263672,310.5799865722656
2025-08-25,633.8552856445312,226.32395935058594,500.1449890136719,287.9277648925781,108.59268951416016,91.32514190673828,309.8299865722656
2025-08-26,636.5092163085938,228.46604919433594,497.9430847167969,291.51104736328125,108.3497314453125,91.56399536132812,312.0799865722656
2025-08-27,637.95947265625,229.64170837402344,502.604736328125,292.2042541503906,109.57425689697266,91.7359619140625,312.7099914550781
2025-08-28,640.21875,231.7041015625,505.4810791015625,293.9519348144531,110.15734100341797,91.94617462158203,315.0299987792969
2025-08-29,636.4006958007812,231.28562927246094,502.5551452636719,294.2936706542969,111.07087707519531,91.86973571777344,318.07000732421875
2025-09-02,631.684814453125,228.8745574951172,500.9979248046875,292.6143493652344,111.45960235595703,91.59557342529297,325.5899963378906
2025-09-03,635.1082153320312,237.59234619140625,501.22607421875,292.4288024902344,108.75790405273438,91.91192626953125,328.1400146484375
2025-09-04,640.4161376953125,238.8975067138672,503.82470703125,296.6369323730469,109.2341079711914,92.3241195678711,326.69000244140625
2025-09-05,638.561279296875,238.80784606933594,490.9605407714844,287.42010498046875,106.15339660644531,92.77467346191406,331.04998779296875
2025-09-08,640.1300659179688,237.0045166015625,494.1344299316406,285.98486328125,106.75592803955078,93.062255859375,334.82000732421875
2025-09-09,641.60986328125,233.4875030517578,494.3426818847656,290.80804443359375,107.53338623046875,92.8417739868164,334.05999755859375
2025-09-10,643.4646606445312,225.955322265625,496.2867431640625,293.4344482421875,109.33129119873047,93.09100341796875,335.260009765625
2025-09-11,648.81201171875,229.1833953857422,496.9215087890625,298.3357849121094,108.9814224243164,93.23481750488281,334.760009765625
2025-09-12,648.5948486328125,233.2085418701172,505.73895263671875,299.6538391113281,109.00086975097656,92.9664077758789,335.4200134277344
2025-09-15,652.0480346679688,235.82884216308594,511.1543884277344,301.5967712402344,109.18550872802734,93.1197738647461,338.9100036621094
2025-09-16,651.1502075195312,237.2735137939453,504.8859558105469,301.87994384765625,111.44988250732422,93.1772689819336,339.5899963378906
2025-09-17,650.3412475585938,238.1104278564453,505.85797119140625,304.37939453125,112.0427017211914,92.9759750366211,336.9700012207031
2025-09-18,653.3798217773438,237.0045166015625,504.30078125,305.8244323730469,110.72100830078125,92.66921997070312,335.6199951171875
2025-09-19,656.6160278320312,244.59645080566406,513.7034912109375,307.3377990722656,109.64228057861328,92.63087463378906,339.17999267578125
2025-09-22,659.7225341796875,255.13751220703125,510.2518310546875,305.0531311035156,108.86480712890625,92.47750854492188,345.04998779296875
2025-09-23,656.1312866210938,253.49359130859375,505.0744323730469,305.3459777832031,110.74044036865234,92.73631286621094,346.4599914550781
2025-09-24,654.0436401367188,251.3813934326172,505.9869079589844,306.00994873046875,111.33326721191406,92.48709106445312,343.32000732421875
2025-09-25,651.0263061523438,255.9246063232422,502.8923645019531,306.03924560546875,112.33424377441406,92.28578186035156,344.75
2025-09-26,654.756103515625,254.51980590820312,507.28619384765625,308.5874938964844,113.91834259033203,92.23784637451172,346.739990234375
2025-09-29,656.5962524414062,253.49359130859375,510.4005126953125,308.2262878417969,111.00284576416016,92.5062484741211,352.4599914550781
2025-09-30,659.0694580078125,253.69287109375,513.7232666015625,307.972412109375,109.57425689697266,92.46791076660156,355.4700012207031
2025-10-01,661.3153686523438,254.50985717773438,515.4688720703125,303.364013671875,108.83564758300781,92.77946472167969,356.0299987792969
2025-10-02,662.0769653320312,256.18365478515625,511.53131103515625,300.2787170410156,108.15536499023438,92.87560272216797,354.7900085449219
2025-10-03,662.0672607421875,257.07037353515625,513.1281127929688,302.7000732421875,110.06987762451172,92.69291687011719,357.6400146484375
2025-10-06,664.4415893554688,255.74526977539062,524.256591796875,303.3377685546875,110.9833984375,92.4236831665039,364.3800048828125
2025-10-07,661.9781494140625,255.53607177734375,519.7039794921875,301.8759460449219,111.04171752929688,92.65446472167969,366.260009765625
2025-10-08,665.925537109375,257.1102600097656,520.56689453125,298.2851257324219,110.8084716796875,92.67367553710938,372.29998779296875
2025-10-09,663.996337890625,253.1050262451172,518.136962890625,299.75677490234375,109.72974395751953,92.60636138916016,365.42999267578125
2025-10-10,646.0499877929688,244.3673095703125,506.790283203125,295.2044677734375,107.61114501953125,93.18331146240234,369.1199951171875
2025-10-13,655.9629516601562,246.74851989746094,509.8550720214844,302.150634765625,109.07861328125,93.23136901855469,378.0899963378906
2025-10-14,655.16162109375,246.8581085205078,509.3789978027344,296.3719482421875,109.12720489501953,93.47175598144531,380.7900085449219
2025-10-15,658.0702514648438,248.42233276367188,509.2401428222656,299.9137268066406,108.46635437011719,93.36598205566406,387.3900146484375
2025-10-16,653.5887451171875,246.53929138183594,507.43499755859375,292.89886474609375,107.52367401123047,93.79869079589844,396.45001220703125
2025-10-17,657.2986450195312,251.36146545410156,509.38897705078125,291.9373779296875,109.07861328125,93.64484405517578,388.989990234375
2025-10-20,664.1348876953125,261.27484130859375,512.57275390625,296.6466369628906,109.52565002441406,93.76983642578125,403.1499938964844
2025-10-21,664.1249389648438,261.8028564453125,513.4356079101562,291.4762268066406,109.53536987304688,93.94292449951172,377.239990234375
2025-10-22,660.6722412109375,257.4988098144531,516.2920532226562,288.5525207519531,111.47904205322266,93.96214294433594,377.2799987792969
2025-10-23,664.5899658203125,258.6246032714844,516.3119506835938,288.97442626953125,112.71326446533203,93.65447998046875,378.7900085449219
2025-10-24,670.0213623046875,261.8527526855469,519.3370361328125,294.762939453125,112.13988494873047,93.74099731445312,377.5199890136719
2025-10-27,677.926025390625,267.8206787109375,527.1825561523438,298.40283203125,112.67440032958984,93.74099731445312,367.010009765625
2025-10-28,679.7266235351562,268.0099792480469,537.6464233398438,299.5899353027344,111.79002380371094,93.8275375366211,364.3800048828125
2025-10-29,680.0531616210938,268.7073974609375,537.130615234375,299.7371520996094,113.17002868652344,93.22176361083984,363.0
2025-10-30,672.5737915039062,270.401123046875,521.469482421875,303.5928649902344,111.45960235595703,93.08714294433594,370.1300048828125
2025-10-31,674.780029296875,269.37493896484375,513.5843505859375,305.24114990234375,111.13890075683594,93.12561798095703,368.1199951171875
2025-11-03,676.04638671875,268.05975341796875,512.8107299804688,303.5046081542969,110.55580139160156,93.08124542236328,368.7799987792969
2025-11-04,668.0328369140625,269.0461730957031,510.1328430175781,303.4064636230469,110.92508697509766,93.1969985961914,362.32000732421875
2025-11-05,670.3478393554688,269.14581298828125,503.0213317871094,305.7905578613281,110.4780502319336,92.75330352783203,366.510009765625
2025-11-06,663.1554565429688,268.7771301269531,493.04339599609375,307.4976806640625,111.27495574951172,93.2259292602539,366.07000732421875
2025-11-07,663.808349609375,267.48193359375,492.76568603515625,308.2727355957031,113.91834259033203,93.26451110839844,368.30999755859375
2025-11-10,674.1666870117188,268.6986083984375,501.8707580566406,310.902099609375,114.89017486572266,93.13911437988281,378.3800048828125
2025-11-11,675.7100219726562,274.5028076171875,504.5289001464844,309.65606689453125,116.40623474121094,93.42847442626953,379.8699951171875
2025-11-12,676.0859375,272.7276306152344,506.9688415527344,314.3555908203125,114.79299926757812,93.44776916503906,385.989990234375
2025-11-13,664.866943359375,272.2090759277344,499.1828918457031,303.6321716308594,115.44412231445312,93.17770385742188,382.8699951171875
2025-11-14,664.7581787109375,271.6705017089844,506.01666259765625,297.87298583984375,116.94403839111328,93.02336883544922,375.9599914550781
2025-11-17,658.5650024414062,266.73394775390625,503.34857177734375,294.6942443847656,115.36568450927734,93.12947845458984,371.6499938964844
2025-11-18,653.03466796875,266.71405029296875,489.76043701171875,293.75238037109375,116.68914031982422,93.2838134765625,374.3500061035156
2025-11-19,655.5574951171875,267.8309631347656,483.14483642578125,297.5394287109375,115.04218292236328,93.21629333496094,374.9599914550781
2025-11-20,645.5652465820312,265.5272521972656,475.41387939453125,292.7418518066406,114.71866607666016,93.43814086914062,374.8500061035156
2025-11-21,651.995849609375,270.75299072265625,469.1436462402344,292.3886413574219,114.7774887084961,93.7468032836914,374.2699890136719
2025-11-24,661.59228515625,275.1710205078125,471.0118103027344,292.3690490722656,113.68932342529297,93.89147186279297,380.20001220703125
2025-11-25,667.815185546875,276.2181701660156,473.9829406738281,297.27459716796875,112.25802612304688,94.13262176513672,380.0799865722656
2025-11-26,672.4254760742188,276.79656982421875,482.4393310546875,301.826904296875,112.51292419433594,94.20978546142578,383.1199951171875
2025-11-28,676.0958251953125,278.0930480957031,488.9082946777344,307.1640930175781,113.64029693603516,94.04581451416016,387.8800048828125
2025-12-01,673.0091552734375,282.3315124511719,483.6714782714844,303.08270263671875,114.33634185791016,93.54080963134766,389.75
2025-12-02,674.2556762695312,285.4131164550781,486.91094970703125,302.0623779296875,113.11092376708984,93.61820220947266,387.239990234375
2025-12-03,676.5905151367188,283.378662109375,474.7182922363281,306.2320861816406,115.48333740234375,93.81170654296875,386.8800048828125
2025-12-04,677.085205078125,279.9380187988281,477.8087158203125,310.1270446777344,114.83631134033203,93.5214614868164,387.1300048828125
2025-12-05,678.3712768554688,278.02325439453125,480.11407470703125,309.08709716796875,114.24811553955078,93.32799530029297,386.44000244140625
2025-12-08,676.3333129882812,277.1356506347656,487.9245300292969,309.25384521484375,113.6991195678711,93.1344985961914,385.4200134277344
2025-12-09,675.74951171875,276.4275817871094,488.9181823730469,294.8316345214844,115.92448425292969,92.99906921386719,387.3999938964844
2025-12-10,680.2312622070312,278.02325439453125,475.5430908203125,304.25018310546875,117.1891098022461,93.29896545410156,389.04998779296875
2025-12-11,681.8140869140625,277.2752685546875,480.422119140625,311.3828430175781,117.1891098022461,93.30862426757812,393.239990234375
2025-12-12,674.4832763671875,277.5246276855469,475.51324462890625,312.5013122558594,116.4832763671875,93.05711364746094,395.44000244140625
2025-12-15,673.4642333984375,273.3658752441406,471.82666015625,313.97296142578125,115.44412231445312,93.1344985961914,395.79998779296875
2025-12-16,671.6240844726562,273.8645324707031,473.38677978515625,309.5874328613281,112.42469024658203,93.39569091796875,395.8900146484375
2025-12-17,664.2337646484375,271.10205078125,473.1184387207031,309.0281982421875,115.10100555419922,93.37635803222656,399.2900085449219
2025-12-18,669.2496337890625,271.4511413574219,480.92889404296875,307.0856018066406,114.24811553955078,93.61820220947266,398.57000732421875
2025-12-19,675.3153686523438,272.9271240234375,482.8566589355469,311.216064453125,114.3951644897461,93.4075927734375,399.0199890136719
2025-12-22,679.5224609375,270.23443603515625,481.8630065917969,316.98492431640625,115.82645416259766,93.31053161621094,408.2300109863281
2025-12-23,682.6282348632812,271.62066650390625,483.7807922363281,319.7712707519531,117.07147216796875,93.27171325683594,413.6400146484375
2025-12-24,685.0294799804688,273.06671142578125,484.94342041015625,322.9500732421875,116.87540435791016,93.51435089111328,411.92999267578125
2025-12-26,684.9599609375,272.6578063964844,484.6353759765625,321.7138671875,116.767578125,93.60171508789062,416.739990234375
2025-12-29,682.51904296875,273.0168762207031,484.02923583984375,317.6324768066406,118.1596450805664,93.73757934570312,398.6000061035156
2025-12-30,681.685546875,272.33868408203125,484.4068298339844,317.3087463378906,118.610595703125,93.6405258178711,398.8900146484375
2025-12-31,676.635009765625,271.12200927734375,480.5711669921875,316.13140869140625,117.97337341308594,93.32996368408203,396.30999755859375
